<segment size="12 10 8" template="basic_darker_s">
	<box size="1.0 7.0 1.0" pos="-8.0 11.0 -1.0" hidden="0" template="basic_darker" reflection="1"/>
	<box size="1.0 7.0 1.0" pos="-8.0 -11.0 -1.0" hidden="0" template="basic_darker" reflection="1"/>
	<box size="1.0 7.0 1.0" pos="8.0 -11.0 -1.0" hidden="0" template="basic_darker" reflection="1"/>
	<box size="1.0 7.0 1.0" pos="8.0 11.0 -1.0" hidden="0" template="basic_darker" reflection="1"/>
	<box size="1.0 7.0 1.0" pos="5.0 11.0 -1.0" hidden="0" template="basic_darker" reflection="1"/>
	<box size="4.0 6.5 0.5" pos="0.0 11.5 -1.5" hidden="1" template="basic_darker" reflection="1"/>
	<box size="1.0 7.0 1.0" pos="-5.0 11.0 -1.0" hidden="0" template="basic_darker" reflection="1"/>
	<box size="1.0 7.0 1.0" pos="-5.0 -11.0 -1.0" hidden="0" template="basic_darker" reflection="1"/>
	<box size="1.0 7.0 1.0" pos="5.0 -11.0 -1.0" hidden="0" template="basic_darker" reflection="1"/>
	<box size="4.0 6.5 0.5" pos="0.0 -11.5 -1.5" hidden="0" template="basic_darker" reflection="1"/>
	<box size="0.5 0.5 0.3125" pos="0.5 -0.5 -5.6875" hidden="0" template="basic_darker" reflection="1"/>
	<box size="1.0 7.0 1.0" pos="-8.0 11.0 -5.0" hidden="0" template="basic_darker" reflection="1"/>
	<box size="1.0 7.0 1.0" pos="-8.0 -11.0 -5.0" hidden="0" template="basic_darker" reflection="1"/>
	<box size="1.0 7.0 1.0" pos="8.0 -11.0 -5.0" hidden="0" template="basic_darker" reflection="1"/>
	<box size="1.0 7.0 1.0" pos="8.0 11.0 -5.0" hidden="0" template="basic_darker" reflection="1"/>
	<box size="1.0 7.0 1.0" pos="5.0 11.0 -5.0" hidden="0" template="basic_darker" reflection="1"/>
	<box size="4.0 6.5 0.5" pos="0.0 11.5 -5.5" hidden="1" template="basic_darker" reflection="1"/>
	<box size="1.0 7.0 1.0" pos="-5.0 11.0 -5.0" hidden="0" template="basic_darker" reflection="1"/>
	<box size="1.0 7.0 1.0" pos="-5.0 -11.0 -5.0" hidden="0" template="basic_darker" reflection="1"/>
	<box size="1.0 7.0 1.0" pos="5.0 -11.0 -5.0" hidden="0" template="basic_darker" reflection="1"/>
	<box size="4.0 6.5 0.5" pos="0.0 -11.5 -5.5" hidden="0" template="basic_darker" reflection="1"/>
	<box size="0.5 0.5 0.1875" pos="-0.5 -0.5 -5.8125" hidden="0" template="basic_darker" reflection="1"/>
	<box size="0.5 0.5 0.0625" pos="-0.5 6.5 -6.4375" hidden="0" template="basic_darker" reflection="1"/>
	<box size="0.5 0.5 0.0625" pos="-0.5 4.5 -6.4375" hidden="0" template="basic_darker" reflection="1"/>
	<box size="0.5 0.5 0.125" pos="0.5 5.5 -6.375" hidden="0" template="basic_darker" reflection="1"/>
	<box size="0.5 0.5 0.1875" pos="-0.5 5.5 -6.3125" hidden="0" template="basic_darker" reflection="1"/>
	<box size="0.5 0.5 0.0625" pos="0.5 8.5 -6.4375" hidden="0" template="basic_darker" reflection="1"/>
	<decal pos="0.0 1.0 -6.5" hidden="0" tile="-1" color=".4 .65 .81"/>
	<box size="0.5 11.5 0.25" pos="2.5 2.5 -6.75" hidden="0" template="basic_darker" reflection="1"/>
	<box size="0.5 11.0 0.25" pos="-2.5 3.0 -6.75" hidden="0" template="basic_darker" reflection="1"/>
	<box size="0.5 11.5 0.5" pos="-1.5 2.5 -6.5" hidden="0" template="basic_darker" reflection="1"/>
	<box size="0.5 11.0 0.5" pos="1.5 3.0 -6.5" hidden="0" template="basic_darker" reflection="1"/>
	<obstacle pos="0.0 0.0 -7.0" hidden="0" type="doors/double" param0="buttons=1"/>
	<box size="1.0 6.0 0.75" pos="0.0 8.0 -7.25" hidden="0" template="basic_darker" reflection="1"/>
	<box size="11.0 12.5 0.5" pos="12.0 1.5 -7.5" hidden="0" template="basic_darker" reflection="1"/>
	<box size="11.0 12.5 0.5" pos="-12.0 1.5 -7.5" hidden="0" template="basic_darker" reflection="1"/>
	<box size="1.0 5.5 1.0" pos="0.0 -5.5 -7.0" hidden="0" template="basic_darker" reflection="1"/>
</segment>

