<segment size="12 10 32" template="basic_darker_s">
	<box size="1.0 7.0 1.0" pos="8.0 11.0 -1.0" hidden="0" template="basic_darker" reflection="1"/>
	<box size="1.0 7.0 1.0" pos="8.0 -11.0 -1.0" hidden="0" template="basic_darker" reflection="1"/>
	<box size="1.0 7.0 1.0" pos="-8.0 11.0 -1.0" hidden="0" template="basic_darker" reflection="1"/>
	<box size="1.0 7.0 1.0" pos="-8.0 -11.0 -1.0" hidden="0" template="basic_darker" reflection="1"/>
	<box size="1.0 7.0 1.0" pos="5.0 11.0 -1.0" hidden="0" template="basic_darker" reflection="1"/>
	<box size="1.0 7.0 1.0" pos="-5.0 11.0 -1.0" hidden="0" template="basic_darker" reflection="1"/>
	<box size="1.0 7.0 1.0" pos="5.0 -11.0 -1.0" hidden="0" template="basic_darker" reflection="1"/>
	<box size="1.0 7.0 1.0" pos="-5.0 -11.0 -1.0" hidden="0" template="basic_darker" reflection="1"/>
	<box size="4.0 6.5 0.5" pos="0.0 11.5 -1.5" hidden="0" template="basic_darker" reflection="1"/>
	<box size="4.0 6.5 0.5" pos="0.0 -11.5 -1.5" hidden="0" template="basic_darker" reflection="1"/>
	<box size="1.0 7.0 1.0" pos="-5.0 -11.0 -5.0" hidden="0" template="basic_darker" reflection="1"/>
	<box size="1.0 7.0 1.0" pos="8.0 -11.0 -5.0" hidden="0" template="basic_darker" reflection="1"/>
	<box size="1.0 7.0 1.0" pos="-8.0 11.0 -5.0" hidden="0" template="basic_darker" reflection="1"/>
	<box size="1.0 7.0 1.0" pos="-5.0 11.0 -5.0" hidden="0" template="basic_darker" reflection="1"/>
	<box size="1.0 7.0 1.0" pos="-8.0 -11.0 -5.0" hidden="0" template="basic_darker" reflection="1"/>
	<box size="1.0 7.0 1.0" pos="5.0 -11.0 -5.0" hidden="0" template="basic_darker" reflection="1"/>
	<box size="4.0 1.0 0.5" pos="0.0 6.0 -5.5" hidden="0" template="basic_darker" reflection="1"/>
	<box size="1.0 7.0 1.0" pos="5.0 11.0 -5.0" hidden="0" template="basic_darker" reflection="1"/>
	<box size="1.0 7.0 1.0" pos="8.0 11.0 -5.0" hidden="0" template="basic_darker" reflection="1"/>
	<box size="4.0 1.0 0.5" pos="0.0 -6.0 -5.5" hidden="0" template="basic_darker" reflection="1"/>
	<box size="1.0 7.0 1.0" pos="8.0 -11.0 -9.0" hidden="0" template="basic_darker" reflection="1"/>
	<box size="1.0 7.0 1.0" pos="5.0 -11.0 -9.0" hidden="0" template="basic_darker" reflection="1"/>
	<box size="1.0 7.0 1.0" pos="-8.0 11.0 -9.0" hidden="0" template="basic_darker" reflection="1"/>
	<box size="1.0 7.0 1.0" pos="-8.0 -11.0 -9.0" hidden="0" template="basic_darker" reflection="1"/>
	<box size="4.0 1.0 0.5" pos="0.0 6.0 -9.5" hidden="0" template="basic_darker" reflection="1"/>
	<box size="1.0 7.0 1.0" pos="-5.0 11.0 -9.0" hidden="0" template="basic_darker" reflection="1"/>
	<box size="1.0 7.0 1.0" pos="8.0 11.0 -9.0" hidden="0" template="basic_darker" reflection="1"/>
	<box size="1.0 7.0 1.0" pos="5.0 11.0 -9.0" hidden="0" template="basic_darker" reflection="1"/>
	<box size="1.0 7.0 1.0" pos="-5.0 -11.0 -9.0" hidden="0" template="basic_darker" reflection="1"/>
	<box size="4.0 1.0 0.5" pos="0.0 -6.0 -9.5" hidden="0" template="basic_darker" reflection="1"/>
	<box size="1.0 7.0 1.0" pos="5.0 11.0 -13.0" hidden="0" template="basic_darker" reflection="1"/>
	<box size="1.0 7.0 1.0" pos="-8.0 -11.0 -13.0" hidden="0" template="basic_darker" reflection="1"/>
	<box size="1.0 7.0 1.0" pos="-8.0 11.0 -13.0" hidden="0" template="basic_darker" reflection="1"/>
	<box size="4.0 1.0 0.5" pos="0.0 6.0 -13.5" hidden="0" template="basic_darker" reflection="1"/>
	<box size="1.0 7.0 1.0" pos="8.0 11.0 -13.0" hidden="0" template="basic_darker" reflection="1"/>
	<box size="1.0 7.0 1.0" pos="-5.0 11.0 -13.0" hidden="0" template="basic_darker" reflection="1"/>
	<box size="1.0 7.0 1.0" pos="5.0 -11.0 -13.0" hidden="0" template="basic_darker" reflection="1"/>
	<box size="1.0 7.0 1.0" pos="8.0 -11.0 -13.0" hidden="0" template="basic_darker" reflection="1"/>
	<box size="1.0 7.0 1.0" pos="-5.0 -11.0 -13.0" hidden="0" template="basic_darker" reflection="1"/>
	<box size="4.0 1.0 0.5" pos="0.0 -6.0 -13.5" hidden="0" template="basic_darker" reflection="1"/>
	<obstacle pos="0.0 1.0 -14.5" hidden="0" type="boss/cube" param0="distance=10" param1="cycle=600" param2="attackDistance=-5" param3="offset=0" param4="type=1" param5="color=.7 .4 .5"/>
	<box size="4.0 1.0 0.5" pos="0.0 6.0 -17.5" hidden="0" template="basic_darker" reflection="1"/>
	<box size="1.0 7.0 1.0" pos="-5.0 11.0 -17.0" hidden="0" template="basic_darker" reflection="1"/>
	<box size="1.0 7.0 1.0" pos="-8.0 11.0 -17.0" hidden="0" template="basic_darker" reflection="1"/>
	<box size="1.0 7.0 1.0" pos="5.0 -11.0 -17.0" hidden="0" template="basic_darker" reflection="1"/>
	<box size="1.0 7.0 1.0" pos="8.0 -11.0 -17.0" hidden="0" template="basic_darker" reflection="1"/>
	<box size="1.0 7.0 1.0" pos="8.0 11.0 -17.0" hidden="0" template="basic_darker" reflection="1"/>
	<box size="1.0 7.0 1.0" pos="5.0 11.0 -17.0" hidden="0" template="basic_darker" reflection="1"/>
	<box size="1.0 7.0 1.0" pos="-5.0 -11.0 -17.0" hidden="0" template="basic_darker" reflection="1"/>
	<box size="1.0 7.0 1.0" pos="-8.0 -11.0 -17.0" hidden="0" template="basic_darker" reflection="1"/>
	<box size="4.0 1.0 0.5" pos="0.0 -6.0 -17.5" hidden="0" template="basic_darker" reflection="1"/>
	<box size="1.0 7.0 1.0" pos="-8.0 -11.0 -21.0" hidden="0" template="basic_darker" reflection="1"/>
	<box size="1.0 7.0 1.0" pos="5.0 11.0 -21.0" hidden="0" template="basic_darker" reflection="1"/>
	<box size="1.0 7.0 1.0" pos="5.0 -11.0 -21.0" hidden="0" template="basic_darker" reflection="1"/>
	<box size="1.0 7.0 1.0" pos="8.0 -11.0 -21.0" hidden="0" template="basic_darker" reflection="1"/>
	<box size="1.0 7.0 1.0" pos="8.0 11.0 -21.0" hidden="0" template="basic_darker" reflection="1"/>
	<box size="1.0 7.0 1.0" pos="-8.0 11.0 -21.0" hidden="0" template="basic_darker" reflection="1"/>
	<box size="1.0 7.0 1.0" pos="-5.0 -11.0 -21.0" hidden="0" template="basic_darker" reflection="1"/>
	<box size="4.0 1.0 0.5" pos="0.0 6.0 -21.5" hidden="0" template="basic_darker" reflection="1"/>
	<box size="1.0 7.0 1.0" pos="-5.0 11.0 -21.0" hidden="0" template="basic_darker" reflection="1"/>
	<box size="4.0 1.0 0.5" pos="0.0 -6.0 -21.5" hidden="0" template="basic_darker" reflection="1"/>
	<box size="1.0 7.0 1.0" pos="5.0 -11.0 -25.0" hidden="0" template="basic_darker" reflection="1"/>
	<box size="1.0 7.0 1.0" pos="8.0 11.0 -25.0" hidden="0" template="basic_darker" reflection="1"/>
	<box size="1.0 7.0 1.0" pos="5.0 11.0 -25.0" hidden="0" template="basic_darker" reflection="1"/>
	<box size="1.0 7.0 1.0" pos="-5.0 -11.0 -25.0" hidden="0" template="basic_darker" reflection="1"/>
	<box size="1.0 7.0 1.0" pos="-5.0 11.0 -25.0" hidden="0" template="basic_darker" reflection="1"/>
	<box size="1.0 7.0 1.0" pos="-8.0 -11.0 -25.0" hidden="0" template="basic_darker" reflection="1"/>
	<box size="1.0 7.0 1.0" pos="-8.0 11.0 -25.0" hidden="0" template="basic_darker" reflection="1"/>
	<box size="1.0 7.0 1.0" pos="8.0 -11.0 -25.0" hidden="0" template="basic_darker" reflection="1"/>
	<box size="4.0 1.0 0.5" pos="0.0 -6.0 -25.5" hidden="0" template="basic_darker" reflection="1"/>
	<box size="4.0 1.0 0.5" pos="0.0 6.0 -25.5" hidden="0" template="basic_darker" reflection="1"/>
	<box size="1.0 7.0 1.0" pos="-5.0 11.0 -29.0" hidden="0" template="basic_darker" reflection="1"/>
	<box size="4.0 1.0 0.5" pos="0.0 6.0 -29.5" hidden="0" template="basic_darker" reflection="1"/>
	<box size="4.0 1.0 0.5" pos="0.0 -6.0 -29.5" hidden="0" template="basic_darker" reflection="1"/>
	<box size="1.0 7.0 1.0" pos="-8.0 11.0 -29.0" hidden="0" template="basic_darker" reflection="1"/>
	<box size="1.0 7.0 1.0" pos="-8.0 -11.0 -29.0" hidden="0" template="basic_darker" reflection="1"/>
	<box size="1.0 7.0 1.0" pos="8.0 11.0 -29.0" hidden="0" template="basic_darker" reflection="1"/>
	<box size="1.0 7.0 1.0" pos="5.0 11.0 -29.0" hidden="0" template="basic_darker" reflection="1"/>
	<box size="1.0 7.0 1.0" pos="8.0 -11.0 -29.0" hidden="0" template="basic_darker" reflection="1"/>
	<box size="1.0 7.0 1.0" pos="5.0 -11.0 -29.0" hidden="0" template="basic_darker" reflection="1"/>
	<box size="1.0 7.0 1.0" pos="-5.0 -11.0 -29.0" hidden="0" template="basic_darker" reflection="1"/>
</segment>

