<segment size="12 10 32" template="basic_darker_s">
	<box size="1.0 7.0 1.0" pos="5.0 11.0 -1.0" hidden="0" template="basic_darker" reflection="1"/>
	<box size="1.0 7.0 1.0" pos="-5.0 11.0 -1.0" hidden="0" template="basic_darker" reflection="1"/>
	<box size="1.0 7.0 1.0" pos="5.0 -11.0 -1.0" hidden="0" template="basic_darker" reflection="1"/>
	<box size="1.0 7.0 1.0" pos="-5.0 -11.0 -1.0" hidden="0" template="basic_darker" reflection="1"/>
	<box size="1.0 7.0 1.0" pos="-8.0 -11.0 -1.0" hidden="0" template="basic_darker" reflection="1"/>
	<box size="1.0 7.0 1.0" pos="-8.0 11.0 -1.0" hidden="0" template="basic_darker" reflection="1"/>
	<box size="1.0 7.0 1.0" pos="8.0 -11.0 -1.0" hidden="0" template="basic_darker" reflection="1"/>
	<box size="1.0 7.0 1.0" pos="8.0 11.0 -1.0" hidden="0" template="basic_darker" reflection="1"/>
	<box size="1.0 7.0 1.0" pos="-8.0 11.0 -5.0" hidden="0" template="basic_darker" reflection="1"/>
	<box size="1.0 7.0 1.0" pos="-5.0 11.0 -5.0" hidden="0" template="basic_darker" reflection="1"/>
	<box size="1.0 7.0 1.0" pos="-8.0 -11.0 -5.0" hidden="0" template="basic_darker" reflection="1"/>
	<box size="1.0 7.0 1.0" pos="5.0 -11.0 -5.0" hidden="0" template="basic_darker" reflection="1"/>
	<box size="1.0 7.0 1.0" pos="-5.0 -11.0 -5.0" hidden="0" template="basic_darker" reflection="1"/>
	<box size="1.0 7.0 1.0" pos="8.0 11.0 -5.0" hidden="0" template="basic_darker" reflection="1"/>
	<box size="1.0 7.0 1.0" pos="8.0 -11.0 -5.0" hidden="0" template="basic_darker" reflection="1"/>
	<box size="1.0 7.0 1.0" pos="5.0 11.0 -5.0" hidden="0" template="basic_darker" reflection="1"/>
	<box size="1.0 7.0 1.0" pos="-5.0 -11.0 -9.0" hidden="0" template="basic_darker" reflection="1"/>
	<box size="1.0 7.0 1.0" pos="5.0 -11.0 -9.0" hidden="0" template="basic_darker" reflection="1"/>
	<box size="1.0 7.0 1.0" pos="-8.0 11.0 -9.0" hidden="0" template="basic_darker" reflection="1"/>
	<box size="1.0 7.0 1.0" pos="-8.0 -11.0 -9.0" hidden="0" template="basic_darker" reflection="1"/>
	<box size="1.0 7.0 1.0" pos="8.0 -11.0 -9.0" hidden="0" template="basic_darker" reflection="1"/>
	<box size="1.0 7.0 1.0" pos="8.0 11.0 -9.0" hidden="0" template="basic_darker" reflection="1"/>
	<box size="1.0 7.0 1.0" pos="5.0 11.0 -9.0" hidden="0" template="basic_darker" reflection="1"/>
	<box size="1.0 7.0 1.0" pos="-5.0 11.0 -9.0" hidden="0" template="basic_darker" reflection="1"/>
	<box size="1.0 7.0 1.0" pos="5.0 -11.0 -13.0" hidden="0" template="basic_darker" reflection="1"/>
	<box size="1.0 7.0 1.0" pos="5.0 11.0 -13.0" hidden="0" template="basic_darker" reflection="1"/>
	<box size="1.0 7.0 1.0" pos="-5.0 11.0 -13.0" hidden="0" template="basic_darker" reflection="1"/>
	<box size="1.0 7.0 1.0" pos="8.0 11.0 -13.0" hidden="0" template="basic_darker" reflection="1"/>
	<box size="1.0 7.0 1.0" pos="8.0 -11.0 -13.0" hidden="0" template="basic_darker" reflection="1"/>
	<box size="1.0 7.0 1.0" pos="-5.0 -11.0 -13.0" hidden="0" template="basic_darker" reflection="1"/>
	<box size="1.0 7.0 1.0" pos="-8.0 -11.0 -13.0" hidden="0" template="basic_darker" reflection="1"/>
	<box size="1.0 7.0 1.0" pos="-8.0 11.0 -13.0" hidden="0" template="basic_darker" reflection="1"/>
	<box size="0.5 0.5 0.0625" pos="1.5 -3.5 -14.9375" hidden="0" template="basic_darker" reflection="1"/>
	<box size="0.5 0.5 0.0625" pos="0.5 -2.5 -14.9375" hidden="0" template="basic_darker" reflection="1"/>
	<box size="0.5 0.5 0.125" pos="1.5 -2.5 -14.875" hidden="0" template="basic_darker" reflection="1"/>
	<box size="0.5 0.5 0.0625" pos="-1.5 -2.5 -14.9375" hidden="0" template="basic_darker" reflection="1"/>
	<box size="0.5 0.5 0.0625" pos="-1.5 -4.5 -14.9375" hidden="0" template="basic_darker" reflection="1"/>
	<obstacle pos="-1.5 -2.0 -15.5" hidden="0" template="basic_st2" type="scoretop"/>
	<box size="0.5 7.0 0.5" pos="-1.5 -9.0 -15.5" hidden="0" template="basic_darker" reflection="1"/>
	<box size="0.5 7.0 0.5" pos="1.5 -9.0 -15.5" hidden="0" template="basic_darker" reflection="1"/>
	<box size="1.0 0.5 0.5" pos="0.0 -2.5 -15.5" hidden="0" template="basic_darker" reflection="1"/>
	<box size="1.0 7.0 1.0" pos="-5.0 11.0 -17.0" hidden="0" template="basic_darker" reflection="1"/>
	<box size="1.0 7.0 1.0" pos="5.0 11.0 -17.0" hidden="0" template="basic_darker" reflection="1"/>
	<box size="1.0 7.0 1.0" pos="-8.0 11.0 -17.0" hidden="0" template="basic_darker" reflection="1"/>
	<box size="1.0 7.0 1.0" pos="-8.0 -11.0 -17.0" hidden="0" template="basic_darker" reflection="1"/>
	<box size="1.0 7.0 1.0" pos="-5.0 -11.0 -17.0" hidden="0" template="basic_darker" reflection="1"/>
	<box size="1.0 7.0 1.0" pos="8.0 -11.0 -17.0" hidden="0" template="basic_darker" reflection="1"/>
	<box size="1.0 7.0 1.0" pos="8.0 11.0 -17.0" hidden="0" template="basic_darker" reflection="1"/>
	<box size="1.0 7.0 1.0" pos="5.0 -11.0 -17.0" hidden="0" template="basic_darker" reflection="1"/>
	<box size="0.5 0.5 0.0625" pos="1.5 3.5 -19.9375" hidden="0" template="basic_darker" reflection="1"/>
	<box size="0.5 0.5 0.0625" pos="-1.5 3.5 -19.9375" hidden="0" template="basic_darker" reflection="1"/>
	<box size="0.5 0.5 2.0" pos="1.5 -2.5 -18.0" hidden="0" template="basic_darker" reflection="1"/>
	<box size="0.5 0.5 0.0625" pos="-1.5 5.5 -19.9375" hidden="0" template="basic_darker" reflection="1"/>
	<box size="0.5 0.5 2.0" pos="-1.5 -2.5 -18.0" hidden="0" template="basic_darker" reflection="1"/>
	<obstacle pos="-1.5 3.0 -20.5" hidden="0" template="basic_st2" type="scoretop" rot="0 0 3.14"/>
	<obstacle pos="1.5 -2.0 -20.5" hidden="0" template="basic_st2" type="scoretop"/>
	<box size="0.5 7.0 0.5" pos="1.5 10.0 -20.5" hidden="0" template="basic_darker" reflection="1"/>
	<box size="0.5 7.0 0.5" pos="1.5 11.0 -20.5" hidden="0" template="basic_darker" reflection="1"/>
	<box size="1.0 0.5 0.5" pos="0.0 3.5 -20.5" hidden="0" template="basic_darker" reflection="1"/>
	<box size="0.5 7.0 0.5" pos="-1.5 10.0 -20.5" hidden="0" template="basic_darker" reflection="1"/>
	<box size="0.5 7.0 0.5" pos="1.5 -9.0 -20.5" hidden="0" template="basic_darker" reflection="1"/>
	<box size="1.0 0.5 0.5" pos="0.0 -2.5 -20.5" hidden="0" template="basic_darker" reflection="1"/>
	<box size="0.5 7.0 0.5" pos="-1.5 -9.0 -20.5" hidden="0" template="basic_darker" reflection="1"/>
	<box size="1.0 7.0 1.0" pos="8.0 11.0 -21.0" hidden="0" template="basic_darker" reflection="1"/>
	<box size="1.0 7.0 1.0" pos="5.0 -11.0 -21.0" hidden="0" template="basic_darker" reflection="1"/>
	<box size="1.0 7.0 1.0" pos="-8.0 11.0 -21.0" hidden="0" template="basic_darker" reflection="1"/>
	<box size="1.0 7.0 1.0" pos="5.0 11.0 -21.0" hidden="0" template="basic_darker" reflection="1"/>
	<box size="1.0 7.0 1.0" pos="-5.0 -11.0 -21.0" hidden="0" template="basic_darker" reflection="1"/>
	<box size="1.0 7.0 1.0" pos="8.0 -11.0 -21.0" hidden="0" template="basic_darker" reflection="1"/>
	<box size="1.0 7.0 1.0" pos="-8.0 -11.0 -21.0" hidden="0" template="basic_darker" reflection="1"/>
	<box size="1.0 7.0 1.0" pos="-5.0 11.0 -21.0" hidden="0" template="basic_darker" reflection="1"/>
	<box size="0.5 0.5 2.0" pos="1.5 3.5 -23.0" hidden="0" template="basic_darker" reflection="1"/>
	<box size="0.5 0.5 2.0" pos="-1.5 3.5 -23.0" hidden="0" template="basic_darker" reflection="1"/>
	<obstacle pos="1.5 3.0 -25.5" hidden="0" template="basic_st2" type="scoretop" rot="0 0 3.14"/>
	<box size="1.0 7.0 1.0" pos="8.0 -11.0 -25.0" hidden="0" template="basic_darker" reflection="1"/>
	<box size="1.0 7.0 1.0" pos="-5.0 11.0 -25.0" hidden="0" template="basic_darker" reflection="1"/>
	<box size="1.0 7.0 1.0" pos="-5.0 -11.0 -25.0" hidden="0" template="basic_darker" reflection="1"/>
	<box size="0.5 7.0 0.5" pos="1.5 10.0 -25.5" hidden="0" template="basic_darker" reflection="1"/>
	<box size="0.5 7.0 0.5" pos="-1.5 10.0 -25.5" hidden="0" template="basic_darker" reflection="1"/>
	<box size="1.0 0.5 0.5" pos="0.0 3.5 -25.5" hidden="0" template="basic_darker" reflection="1"/>
	<box size="1.0 7.0 1.0" pos="5.0 -11.0 -25.0" hidden="0" template="basic_darker" reflection="1"/>
	<box size="1.0 7.0 1.0" pos="5.0 11.0 -25.0" hidden="0" template="basic_darker" reflection="1"/>
	<box size="1.0 7.0 1.0" pos="8.0 11.0 -25.0" hidden="0" template="basic_darker" reflection="1"/>
	<box size="1.0 6.5 1.0" pos="-8.0 -10.5 -25.0" hidden="0" template="basic_darker" reflection="1"/>
	<box size="1.0 7.0 1.0" pos="-8.0 11.0 -25.0" hidden="0" template="basic_darker" reflection="1"/>
	<box size="1.0 7.0 1.0" pos="8.0 11.0 -29.0" hidden="0" template="basic_darker" reflection="1"/>
	<box size="1.0 7.0 1.0" pos="8.0 -11.0 -29.0" hidden="0" template="basic_darker" reflection="1"/>
	<box size="1.0 7.0 1.0" pos="5.0 11.0 -29.0" hidden="0" template="basic_darker" reflection="1"/>
	<box size="1.0 7.0 1.0" pos="-5.0 11.0 -29.0" hidden="0" template="basic_darker" reflection="1"/>
	<box size="1.0 7.0 1.0" pos="-8.0 11.0 -29.0" hidden="0" template="basic_darker" reflection="1"/>
	<box size="1.0 7.0 1.0" pos="-5.0 -11.0 -29.0" hidden="0" template="basic_darker" reflection="1"/>
	<box size="1.0 7.0 1.0" pos="5.0 -11.0 -29.0" hidden="0" template="basic_darker" reflection="1"/>
	<box size="1.0 7.0 1.0" pos="-8.0 -11.0 -29.0" hidden="0" template="basic_darker" reflection="1"/>
</segment>

