<segment size="12 10 16" template="night_s">
	<box size="6.5 4.0 0.5" pos="-9.5 -4.0 -0.5" hidden="0" template="night"/>
	<box size="6.5 4.0 0.5" pos="9.5 -4.0 -0.5" hidden="0" template="night"/>
	<box size="0.5 4.0 0.25" pos="6.5 -4.0 -1.25" hidden="0" template="night"/>
	<box size="0.5 4.0 0.25" pos="-6.5 -4.0 -1.25" hidden="0" template="night"/>
	<box size="0.5 4.0 0.375" pos="4.5 -4.0 -1.375" hidden="0" template="night"/>
	<box size="0.5 4.0 0.375" pos="-4.5 -4.0 -1.375" hidden="0" template="night"/>
	<box size="0.5 4.0 0.5" pos="-9.5 -4.0 -1.5" hidden="0" template="night"/>
	<box size="0.5 4.0 0.5" pos="9.5 -4.0 -1.5" hidden="0" template="night"/>
	<box size="0.5 4.0 0.5" pos="3.5 -4.0 -1.5" hidden="0" template="night"/>
	<box size="0.5 4.0 0.625" pos="-3.5 -4.0 -1.625" hidden="0" template="night"/>
	<box size="0.5 3.25 0.5" pos="-1.0 -6.75 -1.875" hidden="0" template="night"/>
	<decal pos="5.625 -0.22561 -2.49" hidden="0" tile="10" size="1 .7" color="1 1 1 .2"/>
	<decal pos="4.875 -0.22561 -2.49" hidden="0" tile="10" size="2 .75" color="1 1 1 .15"/>
	<decal pos="10.625 -0.22561 -2.49" hidden="0" tile="10" size="2 .75" color="1 1 1 .15"/>
	<decal pos="8.875 -0.22561 -2.49" hidden="0" tile="10" size=".75 1.4" color="1 1 1 .5"/>
	<decal pos="7.125 -0.22561 -2.49" hidden="0" tile="10" size=".75 1" color="1 1 1 .2"/>
	<decal pos="-3.625 -0.22561 -2.99" hidden="0" tile="10" size=".75 1.4" color="1 1 1 .5"/>
	<decal pos="-6.375 -0.22561 -2.99" hidden="0" tile="10" size="1 .7" color="1 1 1 .2"/>
	<decal pos="-9.125 -0.22561 -2.99" hidden="0" tile="10" size=".75 1.4" color="1 1 1 .5"/>
	<decal pos="-4.875 -0.22561 -2.99" hidden="0" tile="10" size=".75 1" color="1 1 1 .2"/>
	<box size="0.5 3.25 0.5" pos="1.0 -6.75 -2.875" hidden="0" template="night"/>
	<box size="0.5 3.75 0.5" pos="0.0 -6.25 -3.125" hidden="0" template="night"/>
	<box size="0.5 2.375 0.5" pos="-1.0 -4.625 -3.5" hidden="0" template="night"/>
	<box size="0.5 2.5 0.5" pos="1.0 -4.5 -4.5" hidden="0" template="night"/>
	<box size="0.5 2.625 0.5" pos="0.0 -4.375 -5.25" hidden="0" template="night"/>
	<box size="0.5 2.75 0.5" pos="1.0 -4.25 -5.5" hidden="0" template="night"/>
	<box size="0.5 2.75 0.5" pos="-1.0 -4.25 -5.5" hidden="0" template="night"/>
	<box size="0.5 2.9375 0.5" pos="1.0 -4.0625 -6.5" hidden="0" template="night"/>
	<box size="0.5 2.875 0.5" pos="0.0 -4.125 -6.5" hidden="0" template="night"/>
	<box size="0.5 2.9375 0.5" pos="-1.0 -4.0625 -6.5" hidden="0" template="night"/>
	<box size="0.5 0.0625 0.5" pos="-1.0 -0.9375 -7.5" hidden="0" template="night"/>
	<box size="0.5 0.0625 0.5" pos="1.0 -0.9375 -7.5" hidden="0" template="night"/>
	<box size="0.5 5.5 0.25" pos="-2.5 -5.5 -9.75" hidden="0" template="night"/>
	<box size="0.5 4.0 0.0625" pos="-7.5 -4.0 -9.9375" hidden="0" template="night"/>
	<box size="0.5 5.5 0.375" pos="-3.5 -5.5 -9.625" hidden="0" template="night"/>
	<box size="0.5 4.0 0.1875" pos="9.5 -4.0 -9.8125" hidden="0" template="night"/>
	<box size="0.5 4.0 0.375" pos="7.5 -4.0 -9.625" hidden="0" template="night"/>
	<box size="0.5 4.0 0.125" pos="-5.5 -4.0 -9.875" hidden="0" template="night"/>
	<box size="0.5 4.0 0.25" pos="6.5 -4.0 -9.75" hidden="0" template="night"/>
	<box size="0.5 4.0 0.125" pos="3.5 -4.0 -9.875" hidden="0" template="night"/>
	<box size="0.5 4.0 0.1875" pos="-10.5 -4.0 -9.8125" hidden="0" template="night"/>
	<obstacle pos="1.0 -0.86641 -10.5" hidden="0" template="night_st" type="scoretop" mode="3"/>
	<obstacle pos="-1.0 -0.86641 -10.5" hidden="0" template="night_st" type="scoretop" mode="3"/>
	<box size="0.5 0.0625 0.5" pos="1.0 -0.9375 -10.5" hidden="0" template="night"/>
	<box size="0.5 0.0625 0.5" pos="-1.0 -0.9375 -10.5" hidden="0" template="night"/>
	<box size="0.5 8.0 0.5" pos="9.5 8.0 -11.5" hidden="0" template="night"/>
	<box size="0.5 8.0 0.5" pos="-3.5 8.0 -11.5" hidden="0" template="night"/>
	<box size="0.5 8.0 0.5" pos="-9.5 8.0 -11.5" hidden="0" template="night"/>
	<box size="0.5 8.0 0.5" pos="-6.5 8.0 -11.5" hidden="0" template="night"/>
	<box size="0.5 8.0 0.5" pos="5.5 8.0 -12.5" hidden="0" template="night"/>
	<box size="0.5 8.0 0.5" pos="-8.5 8.0 -12.5" hidden="0" template="night"/>
	<obstacle pos="1.0 -0.86641 -13.5" hidden="0" template="night_st" type="scoretop" mode="1"/>
	<obstacle pos="-1.0 -0.86641 -13.5" hidden="0" template="night_st" type="scoretop" mode="1"/>
	<box size="0.5 0.0625 0.5" pos="1.0 -0.9375 -13.5" hidden="0" template="night"/>
	<box size="7.0 4.0 2.0" pos="-9.0 -4.0 -12.0" hidden="0" template="night"/>
	<box size="0.5 0.0625 0.5" pos="-1.0 -0.9375 -13.5" hidden="0" template="night"/>
	<box size="0.5 12.5 3.0" pos="-4.5 3.5 -11.0" hidden="0" template="night"/>
	<box size="0.5 8.0 0.5" pos="3.5 8.0 -13.5" hidden="0" template="night"/>
	<box size="0.5 12.5 3.0" pos="4.5 3.5 -11.0" hidden="0" template="night"/>
	<box size="1.5 3.0 3.5" pos="0.0 -4.0 -10.5" hidden="0" template="night"/>
	<box size="7.0 5.0 2.0" pos="9.0 -5.0 -12.0" hidden="0" template="night"/>
	<decal pos="0.375 -0.97561 -13.99" hidden="0" tile="10" size="1 .7" color="1 1 1 .2"/>
	<decal pos="3.125 -0.22561 -14.49" hidden="0" tile="10" size=".75 1.4" color="1 1 1 .5"/>
	<decal pos="-3.125 -0.22561 -14.49" hidden="0" tile="10" size=".75 1.4" color="1 1 1 .5"/>
	<box size="0.5 0.5 0.125" pos="0.0 2.625 -14.875" hidden="0" template="night"/>
	<decal pos="0.0 1.125 -15.0" hidden="1" tile="-2" color=".125 .165 .2"/>
	<obstacle pos="0.0 0.125 -15.5" hidden="0" type="doors/basic" param0="buttons=1"/>
	<box size="9.5 11.5 0.5" pos="-10.5 0.625 -15.5" hidden="0" template="night"/>
	<box size="1.0 5.0 0.5" pos="0.0 7.125 -15.5" hidden="0" template="night"/>
	<box size="1.0 5.5 0.5625" pos="0.0 -5.375 -15.4375" hidden="0" template="night"/>
	<box size="9.5 11.5 0.5" pos="10.5 0.625 -15.5" hidden="0" template="night"/>
</segment>

