<segment size="12 10 16" template="night_s">
	<box size="0.5 3.0 0.5" pos="3.5 -4.25 -0.5" hidden="0" template="night"/>
	<box size="0.5 3.0 0.5" pos="-2.5 -5.25 -0.5" hidden="0" template="night"/>
	<box size="0.5 3.0 0.5" pos="-3.5 -4.5 -0.5" hidden="0" template="night"/>
	<box size="0.5 3.0 0.5" pos="-0.5 -5.0 -0.5" hidden="0" template="night"/>
	<box size="0.5 3.0 0.5" pos="0.5 -4.5 -0.5" hidden="0" template="night"/>
	<box size="0.5 3.0 0.5" pos="2.5 -5.0 -0.5" hidden="0" template="night"/>
	<box size="6.0 3.0 0.5" pos="10.0 -4.0 -0.5" hidden="0" template="night"/>
	<box size="6.0 3.0 0.5" pos="-10.0 -4.0 -0.5" hidden="0" template="night"/>
	<box size="0.5 0.0625 0.5" pos="1.5 -0.9375 -1.5" hidden="0" template="night"/>
	<box size="0.5 0.0625 0.5" pos="7.5 -0.9375 -1.5" hidden="0" template="night"/>
	<box size="0.5 0.0625 0.5" pos="-4.5 -0.9375 -1.5" hidden="0" template="night"/>
	<box size="0.5 0.0625 0.5" pos="-2.5 -0.9375 -1.5" hidden="0" template="night"/>
	<box size="0.5 0.0625 0.5" pos="-2.5 -0.9375 -2.5" hidden="0" template="night"/>
	<box size="0.5 0.0625 0.5" pos="-8.5 -0.9375 -2.5" hidden="0" template="night"/>
	<box size="0.5 0.0625 0.5" pos="3.5 -0.9375 -2.5" hidden="0" template="night"/>
	<box size="0.5 0.1875 0.5" pos="3.5 -0.8125 -3.5" hidden="0" template="night"/>
	<box size="0.5 0.0625 0.5" pos="-7.5 -0.9375 -3.5" hidden="0" template="night"/>
	<box size="0.5 0.0625 0.5" pos="4.5 -0.9375 -3.5" hidden="0" template="night"/>
	<box size="0.5 0.0625 0.5" pos="0.5 -0.9375 -3.5" hidden="0" template="night"/>
	<box size="0.5 0.0625 0.5" pos="-1.5 -0.9375 -3.5" hidden="0" template="night"/>
	<box size="0.5 0.0625 0.5" pos="-5.5 -0.9375 -3.5" hidden="0" template="night"/>
	<box size="0.5 0.0625 0.5" pos="-3.5 -0.9375 -3.5" hidden="0" template="night"/>
	<box size="0.5 0.0625 0.5" pos="2.5 -0.9375 -3.5" hidden="0" template="night"/>
	<box size="0.5 0.0625 0.5" pos="6.5 -0.9375 -3.5" hidden="0" template="night"/>
	<box size="0.5 0.0625 0.5" pos="8.5 -0.9375 -3.5" hidden="0" template="night"/>
	<box size="0.5 0.1875 0.5" pos="-2.5 -0.8125 -3.5" hidden="0" template="night"/>
	<box size="0.5 0.25 0.5" pos="-12.5 -0.75 -4.5" hidden="0" template="night"/>
	<box size="0.5 0.1875 0.5" pos="-1.5 -0.8125 -4.5" hidden="0" template="night"/>
	<box size="0.5 0.25 0.5" pos="-2.5 -0.75 -4.5" hidden="0" template="night"/>
	<box size="0.5 0.125 0.5" pos="1.5 -0.875 -4.5" hidden="0" template="night"/>
	<box size="0.5 0.125 0.5" pos="-4.5 -0.875 -4.5" hidden="0" template="night"/>
	<box size="0.5 0.25 0.5" pos="-8.5 -0.75 -4.5" hidden="0" template="night"/>
	<box size="0.5 0.1875 0.5" pos="-7.5 -0.8125 -4.5" hidden="0" template="night"/>
	<box size="0.5 0.125 0.5" pos="-6.5 -0.875 -4.5" hidden="0" template="night"/>
	<box size="0.5 0.0625 0.5" pos="-5.5 -0.9375 -4.5" hidden="0" template="night"/>
	<box size="0.5 0.1875 0.5" pos="-3.5 -0.8125 -4.5" hidden="0" template="night"/>
	<box size="0.5 0.1875 0.5" pos="2.5 -0.8125 -4.5" hidden="0" template="night"/>
	<box size="0.5 0.1875 0.5" pos="-11.5 -0.8125 -4.5" hidden="0" template="night"/>
	<box size="0.5 0.125 0.5" pos="-10.5 -0.875 -4.5" hidden="0" template="night"/>
	<box size="0.5 0.0625 0.5" pos="-9.5 -0.9375 -4.5" hidden="0" template="night"/>
	<box size="0.5 0.25 0.5" pos="9.5 -0.75 -4.5" hidden="0" template="night"/>
	<box size="0.5 0.1875 0.5" pos="10.5 -0.8125 -4.5" hidden="0" template="night"/>
	<box size="0.5 0.125 0.5" pos="11.5 -0.875 -4.5" hidden="0" template="night"/>
	<box size="0.5 0.0625 0.5" pos="12.5 -0.9375 -4.5" hidden="0" template="night"/>
	<box size="0.5 0.0625 0.5" pos="0.5 -0.9375 -4.5" hidden="0" template="night"/>
	<box size="0.5 0.125 0.5" pos="7.5 -0.875 -4.5" hidden="0" template="night"/>
	<box size="0.5 0.25 0.5" pos="3.5 -0.75 -4.5" hidden="0" template="night"/>
	<box size="0.5 0.1875 0.5" pos="4.5 -0.8125 -4.5" hidden="0" template="night"/>
	<box size="0.5 0.125 0.5" pos="5.5 -0.875 -4.5" hidden="0" template="night"/>
	<box size="16.0 3.0 2.0" pos="0.0 -4.0 -3.0" hidden="0" template="night"/>
	<box size="0.5 0.0625 0.5" pos="6.5 -0.9375 -4.5" hidden="0" template="night"/>
	<box size="0.5 0.1875 0.5" pos="8.5 -0.8125 -4.5" hidden="0" template="night"/>
	<box size="0.5 0.125 0.5" pos="-0.5 -0.875 -4.5" hidden="0" template="night"/>
	<box size="0.5 0.1875 0.375" pos="10.5 -0.8125 -5.375" hidden="0" template="night"/>
	<box size="0.5 0.1875 0.375" pos="-11.5 -0.8125 -5.375" hidden="0" template="night"/>
	<box size="0.5 0.1875 0.375" pos="5.5 -0.8125 -5.375" hidden="0" template="night"/>
	<box size="0.5 0.1875 0.375" pos="-6.5 -0.8125 -5.375" hidden="0" template="night"/>
	<box size="0.5 0.1875 0.375" pos="-0.5 -0.8125 -5.375" hidden="0" template="night"/>
	<box size="0.5 0.125 0.4375" pos="-10.5 -0.875 -5.4375" hidden="0" template="night"/>
	<box size="0.5 0.25 0.4375" pos="-1.5 -0.75 -5.4375" hidden="0" template="night"/>
	<box size="0.5 0.25 0.4375" pos="-7.5 -0.75 -5.4375" hidden="0" template="night"/>
	<box size="0.5 0.25 0.4375" pos="4.5 -0.75 -5.4375" hidden="0" template="night"/>
	<box size="0.5 0.125 0.4375" pos="-5.5 -0.875 -5.4375" hidden="0" template="night"/>
	<box size="0.5 0.1875 0.4375" pos="-4.5 -0.8125 -5.4375" hidden="0" template="night"/>
	<box size="0.5 0.4375 0.4375" pos="-8.5 -0.6875 -5.4375" hidden="0" template="night"/>
	<box size="0.5 0.1875 0.4375" pos="1.5 -0.8125 -5.4375" hidden="0" template="night"/>
	<box size="0.5 0.4375 0.4375" pos="-2.5 -0.6875 -5.4375" hidden="0" template="night"/>
	<box size="0.5 0.25 0.4375" pos="8.5 -0.75 -5.4375" hidden="0" template="night"/>
	<box size="0.5 0.125 0.4375" pos="0.5 -0.875 -5.4375" hidden="0" template="night"/>
	<box size="0.5 0.4375 0.4375" pos="3.5 -0.6875 -5.4375" hidden="0" template="night"/>
	<box size="0.5 0.25 0.4375" pos="2.5 -0.75 -5.4375" hidden="0" template="night"/>
	<box size="0.5 0.25 0.4375" pos="-3.5 -0.75 -5.4375" hidden="0" template="night"/>
	<box size="0.5 0.25 0.4375" pos="9.5 -0.75 -5.4375" hidden="0" template="night"/>
	<box size="0.5 0.1875 0.4375" pos="-9.5 -0.8125 -5.4375" hidden="0" template="night"/>
	<box size="0.5 0.25 0.4375" pos="-12.5 -0.75 -5.4375" hidden="0" template="night"/>
	<box size="0.5 0.125 0.4375" pos="11.5 -0.875 -5.4375" hidden="0" template="night"/>
	<box size="0.5 0.1875 0.4375" pos="12.5 -0.8125 -5.4375" hidden="0" template="night"/>
	<box size="0.5 0.125 0.4375" pos="6.5 -0.875 -5.4375" hidden="0" template="night"/>
	<box size="0.5 0.1875 0.4375" pos="7.5 -0.8125 -5.4375" hidden="0" template="night"/>
	<decal pos="-4.125 -0.22561 -6.24" hidden="0" tile="10" size=".75 1" color="1 1 1 .2"/>
	<decal pos="-2.375 -0.22561 -6.24" hidden="0" tile="10" size=".75 1.4" color="1 1 1 .5"/>
	<decal pos="2.25 -0.22561 -6.24" hidden="0" tile="10" size=".75 1.4" color="1 1 1 .5"/>
	<decal pos="-0.625 -0.22561 -6.24" hidden="0" tile="10" size="2 .75" color="1 1 1 .15"/>
	<decal pos="0.625 -0.22561 -6.24" hidden="0" tile="10" size="1 .7" color="1 1 1 .2"/>
	<obstacle pos="1.0 0.02278 -8.125" hidden="0" type="scoretop" template="night_st" param1="static=0" param2="raycast=true"/>
	<obstacle pos="-1.0 0.02278 -8.125" hidden="0" type="scoretop" template="night_st" param1="static=0" param2="raycast=true"/>
	<obstacle pos="0.0 -3.97722 -8.5" hidden="0" type="elevatorgrid" param1="color=.3 .32 .35" template="cave2" param0="thickness=6" param2="rows=9" param3="cols=2" param4="amplitude=.5" param5="frequency=.25" param6="separation=0"/>
	<obstacle pos="0.0 0.02278 -9.125" hidden="0" type="scoretop" template="night_st" param1="static=0" param2="raycast=true" mode="3"/>
	<box size="0.5 0.1875 0.5" pos="8.5 -0.8125 -11.5" hidden="0" template="night"/>
	<box size="0.5 0.4375 0.5" pos="-5.5 -0.6875 -11.5" hidden="0" template="night"/>
	<box size="0.5 0.25 0.5" pos="-6.5 -0.75 -11.5" hidden="0" template="night"/>
	<box size="0.5 0.1875 0.5" pos="-3.5 -0.8125 -11.5" hidden="0" template="night"/>
	<box size="0.5 0.25 0.5" pos="-4.5 -0.75 -11.5" hidden="0" template="night"/>
	<box size="0.5 0.25 0.5" pos="7.5 -0.75 -11.5" hidden="0" template="night"/>
	<box size="0.5 0.4375 0.5" pos="6.5 -0.6875 -11.5" hidden="0" template="night"/>
	<box size="0.5 0.1875 0.5" pos="-7.5 -0.8125 -11.5" hidden="0" template="night"/>
	<box size="0.5 0.1875 0.5" pos="2.5 -0.8125 -11.5" hidden="0" template="night"/>
	<box size="0.5 0.4375 0.5" pos="0.5 -0.6875 -11.5" hidden="0" template="night"/>
	<box size="0.5 0.25 0.5" pos="-0.5 -0.75 -11.5" hidden="0" template="night"/>
	<box size="0.5 0.125 0.5" pos="-2.5 -0.875 -11.5" hidden="0" template="night"/>
	<box size="0.5 0.25 0.5" pos="1.5 -0.75 -11.5" hidden="0" template="night"/>
	<box size="0.5 0.1875 0.5" pos="-1.5 -0.8125 -11.5" hidden="0" template="night"/>
	<box size="0.5 0.25 0.5" pos="5.5 -0.75 -11.5" hidden="0" template="night"/>
	<box size="0.5 0.125 0.5" pos="3.5 -0.875 -11.5" hidden="0" template="night"/>
	<box size="0.5 0.1875 0.5" pos="4.5 -0.8125 -11.5" hidden="0" template="night"/>
	<box size="0.5 0.125 0.5" pos="-8.5 -0.875 -11.5" hidden="0" template="night"/>
	<box size="0.5 0.0625 0.5" pos="-8.5 -0.9375 -12.5" hidden="0" template="night"/>
	<box size="0.5 0.125 0.5" pos="-1.5 -0.875 -12.5" hidden="0" template="night"/>
	<box size="0.5 0.25 0.5" pos="0.5 -0.75 -12.5" hidden="0" template="night"/>
	<box size="0.5 0.1875 0.5" pos="1.5 -0.8125 -12.5" hidden="0" template="night"/>
	<box size="0.5 0.1875 0.5" pos="-0.5 -0.8125 -12.5" hidden="0" template="night"/>
	<box size="0.5 0.125 0.5" pos="8.5 -0.875 -12.5" hidden="0" template="night"/>
	<box size="0.5 0.25 0.5" pos="-5.5 -0.75 -12.5" hidden="0" template="night"/>
	<box size="0.5 0.125 0.5" pos="4.5 -0.875 -12.5" hidden="0" template="night"/>
	<box size="0.5 0.25 0.5" pos="6.5 -0.75 -12.5" hidden="0" template="night"/>
	<box size="0.5 0.1875 0.5" pos="7.5 -0.8125 -12.5" hidden="0" template="night"/>
	<box size="0.5 0.1875 0.5" pos="5.5 -0.8125 -12.5" hidden="0" template="night"/>
	<box size="0.5 0.0625 0.5" pos="3.5 -0.9375 -12.5" hidden="0" template="night"/>
	<box size="0.5 0.1875 0.5" pos="-6.5 -0.8125 -12.5" hidden="0" template="night"/>
	<box size="0.5 0.1875 0.5" pos="-4.5 -0.8125 -12.5" hidden="0" template="night"/>
	<box size="0.5 0.125 0.5" pos="-3.5 -0.875 -12.5" hidden="0" template="night"/>
	<box size="0.5 0.125 0.5" pos="-7.5 -0.875 -12.5" hidden="0" template="night"/>
	<box size="0.5 0.0625 0.5" pos="-2.5 -0.9375 -12.5" hidden="0" template="night"/>
	<box size="0.5 0.125 0.5" pos="2.5 -0.875 -12.5" hidden="0" template="night"/>
	<box size="0.5 0.0625 0.5" pos="-1.5 -0.9375 -13.5" hidden="0" template="night"/>
	<box size="0.5 0.0625 0.5" pos="-0.5 -0.9375 -13.5" hidden="0" template="night"/>
	<box size="0.5 0.0625 0.5" pos="1.5 -0.9375 -13.5" hidden="0" template="night"/>
	<box size="0.5 0.0625 0.5" pos="-2.5 -0.9375 -13.5" hidden="0" template="night"/>
	<box size="0.5 0.1875 0.5" pos="2.5 -0.8125 -13.5" hidden="0" template="night"/>
	<box size="0.5 0.0625 0.5" pos="-6.5 -0.9375 -13.5" hidden="0" template="night"/>
	<box size="0.5 0.1875 0.5" pos="8.5 -0.8125 -13.5" hidden="0" template="night"/>
	<box size="0.5 0.0625 0.5" pos="4.5 -0.9375 -13.5" hidden="0" template="night"/>
	<box size="0.5 0.0625 0.5" pos="5.5 -0.9375 -13.5" hidden="0" template="night"/>
	<box size="0.5 0.0625 0.5" pos="7.5 -0.9375 -13.5" hidden="0" template="night"/>
	<box size="0.5 0.0625 0.5" pos="3.5 -0.9375 -13.5" hidden="0" template="night"/>
	<box size="0.5 0.0625 0.5" pos="-8.5 -0.9375 -13.5" hidden="0" template="night"/>
	<box size="0.5 0.1875 0.5" pos="-3.5 -0.8125 -13.5" hidden="0" template="night"/>
	<box size="0.5 0.0625 0.5" pos="-7.5 -0.9375 -13.5" hidden="0" template="night"/>
	<box size="0.5 0.0625 0.5" pos="-4.5 -0.9375 -13.5" hidden="0" template="night"/>
	<box size="0.5 0.0625 0.5" pos="8.5 -0.9375 -14.5" hidden="0" template="night"/>
	<box size="0.5 0.0625 0.5" pos="2.5 -0.9375 -14.5" hidden="0" template="night"/>
	<box size="0.5 0.0625 0.5" pos="-3.5 -0.9375 -14.5" hidden="0" template="night"/>
	<box size="16.0 3.0 2.5" pos="0.0 -4.0 -13.5" hidden="0" template="night"/>
</segment>

