<segment size="12 10 16" template="night_s">
	<box size="0.5 3.0 0.5" pos="-2.5 -4.25 -0.5" hidden="0" template="night"/>
	<box size="0.5 3.0 0.5" pos="2.5 -5.25 -0.5" hidden="0" template="night"/>
	<box size="0.5 3.0 0.5" pos="0.5 -5.25 -0.5" hidden="0" template="night"/>
	<box size="0.5 3.0 0.5" pos="-0.5 -5.0 -0.5" hidden="0" template="night"/>
	<box size="1.5 0.0625 0.5" pos="-1.5 -0.9375 -1.5" hidden="0" template="night"/>
	<box size="0.5 3.0 0.5" pos="2.5 -4.25 -1.5" hidden="0" template="night"/>
	<box size="0.5 3.0 0.5" pos="1.5 -4.75 -1.5" hidden="0" template="night"/>
	<box size="0.5 0.0625 0.5" pos="0.5 -0.9375 -2.5" hidden="0" template="night"/>
	<box size="0.5 0.0625 0.5" pos="-1.5 -0.9375 -2.5" hidden="0" template="night"/>
	<box size="0.5 0.1875 0.5" pos="-2.5 -0.8125 -2.5" hidden="0" template="night"/>
	<box size="0.5 0.0625 0.5" pos="2.5 -0.9375 -2.5" hidden="0" template="night"/>
	<box size="0.5 0.125 0.5" pos="-0.5 -0.875 -3.5" hidden="0" template="night"/>
	<box size="0.5 0.125 0.5" pos="1.5 -0.875 -3.5" hidden="0" template="night"/>
	<box size="0.5 0.25 0.5" pos="-2.5 -0.75 -3.5" hidden="0" template="night"/>
	<box size="0.5 0.1875 0.5" pos="-1.5 -0.8125 -3.5" hidden="0" template="night"/>
	<box size="0.5 0.0625 0.5" pos="0.5 -0.9375 -3.5" hidden="0" template="night"/>
	<box size="0.5 0.1875 0.5" pos="2.5 -0.8125 -3.5" hidden="0" template="night"/>
	<box size="1.0 3.0 1.375" pos="2.0 -4.0 -3.375" hidden="0" template="night"/>
	<box size="0.5 0.1875 0.375" pos="-0.5 -0.8125 -4.375" hidden="0" template="night"/>
	<box size="2.0 3.0 1.875" pos="-1.0 -4.0 -2.875" hidden="0" template="night"/>
	<box size="0.5 0.4375 0.4375" pos="-2.5 -0.6875 -4.4375" hidden="0" template="night"/>
	<box size="0.5 0.25 0.4375" pos="2.5 -0.75 -4.4375" hidden="0" template="night"/>
	<box size="0.5 0.25 0.4375" pos="-1.5 -0.75 -4.4375" hidden="0" template="night"/>
	<box size="0.5 0.125 0.4375" pos="0.5 -0.875 -4.4375" hidden="0" template="night"/>
	<box size="0.5 0.1875 0.4375" pos="1.5 -0.8125 -4.4375" hidden="0" template="night"/>
	<box size="6.5 4.0 2.5" pos="-9.5 -4.0 -2.5" hidden="0" template="night"/>
	<box size="6.5 4.0 2.5" pos="9.5 -4.0 -2.5" hidden="0" template="night"/>
	<decal pos="0.375 -0.22561 -4.99" hidden="0" tile="10" size="1 .7" color="1 1 1 .2"/>
	<decal pos="1.875 -0.22561 -4.99" hidden="0" tile="10" size=".75 1" color="1 1 1 .2"/>
	<decal pos="-2.375 -0.22561 -4.99" hidden="0" tile="10" size=".75 1.4" color="1 1 1 .5"/>
	<decal pos="-0.625 -0.22561 -4.99" hidden="0" tile="10" size="2 .75" color="1 1 1 .15"/>
	<box size="6.4375 4.0 0.5" pos="-9.5625 -4.0 -5.5" hidden="0" template="night"/>
	<box size="6.4375 4.0 0.5" pos="9.5625 -4.0 -5.5" hidden="0" template="night"/>
	<obstacle pos="-2.0 0.27278 -6.5" hidden="0" type="scoretop" template="night_st" param1="static=0" param2="raycast=true" mode="3"/>
	<obstacle pos="2.0 0.27278 -6.5" hidden="0" type="scoretop" template="night_st" param1="static=0" param2="raycast=true"/>
	<obstacle pos="8.6 4.50979 -6.5" hidden="0" template="night_glass" type="dna" rot="0 0 1.57"/>
	<obstacle pos="-8.6 4.50979 -6.5" hidden="0" template="night_glass" type="dna" rot="0 0 1.57"/>
	<obstacle pos="0.0 0.27278 -6.5" hidden="0" type="scoretop" template="night_st" param1="static=0" param2="raycast=true" mode="1"/>
	<box size="6.25 4.0 0.5" pos="9.75 -4.0 -6.5" hidden="0" template="night"/>
	<box size="5.0 4.4375 0.5" pos="14.0 -3.5625 -6.5" hidden="0" template="night"/>
	<box size="5.0 4.4375 0.5" pos="14.0 13.0625 -6.5" hidden="0" template="night"/>
	<box size="0.5 4.5 0.5" pos="8.5 -3.5 -6.5" hidden="0" template="night"/>
	<box size="6.375 4.0 0.5" pos="-9.625 -4.0 -6.5" hidden="0" template="night"/>
	<box size="0.5 4.5 0.5" pos="-8.5 13.0 -6.5" hidden="0" template="night"/>
	<box size="5.0 4.4375 0.5" pos="-14.0 -3.5625 -6.5" hidden="0" template="night"/>
	<box size="5.0 4.4375 0.5" pos="-14.0 13.0625 -6.5" hidden="0" template="night"/>
	<box size="0.5 4.5 0.5" pos="-8.5 -3.5 -6.5" hidden="0" template="night"/>
	<box size="0.5 4.5 0.5" pos="8.5 13.0 -6.5" hidden="0" template="night"/>
	<box size="6.3125 4.0 0.5" pos="9.6875 -4.0 -7.5" hidden="0" template="night"/>
	<box size="6.5 4.0 0.5" pos="-9.5 -4.0 -7.5" hidden="0" template="night"/>
	<obstacle pos="0.0 -3.47722 -8.5" hidden="0" type="elevatorgrid" param1="color=.3 .32 .35" template="cave2" param0="thickness=6" param2="rows=5" param3="cols=5" param4="amplitude=.5" param5="frequency=.25" param6="separation=0"/>
	<box size="6.375 4.0 0.5" pos="9.625 -4.0 -8.5" hidden="0" template="night"/>
	<box size="6.375 4.0 0.5" pos="-9.625 -4.0 -8.5" hidden="0" template="night"/>
	<box size="6.4375 4.0 0.5" pos="9.5625 -4.0 -9.5" hidden="0" template="night"/>
	<box size="6.25 4.0 0.5" pos="-9.75 -4.0 -9.5" hidden="0" template="night"/>
	<obstacle pos="-2.0 0.27278 -10.5" hidden="0" type="scoretop" template="night_st" param1="static=0" param2="raycast=true"/>
	<obstacle pos="2.0 0.27278 -10.5" hidden="0" type="scoretop" template="night_st" param1="static=0" param2="raycast=true" mode="3"/>
	<obstacle pos="0.0 0.27278 -10.5" hidden="0" type="scoretop" template="night_st" param1="static=0" param2="raycast=true" mode="1"/>
	<box size="6.5 4.0 0.5" pos="-9.5 -4.0 -10.5" hidden="0" template="night"/>
	<box size="6.3125 4.0 0.5" pos="9.6875 -4.0 -10.5" hidden="0" template="night"/>
	<box size="0.5 0.0625 0.5" pos="-1.5 -0.9375 -12.5" hidden="0" template="night"/>
	<box size="0.5 0.125 0.5" pos="-2.5 -0.875 -12.5" hidden="0" template="night"/>
	<box size="0.5 0.125 0.5" pos="-0.5 -0.875 -12.5" hidden="0" template="night"/>
	<box size="0.5 0.125 0.5" pos="0.5 -0.875 -12.5" hidden="0" template="night"/>
	<box size="6.4375 4.0 1.0" pos="9.5625 -4.0 -12.0" hidden="0" template="night"/>
	<box size="6.4375 4.0 1.0" pos="-9.5625 -4.0 -12.0" hidden="0" template="night"/>
	<box size="0.5 0.5 0.125" pos="-3.5 0.5 -12.875" hidden="0" template="night"/>
	<box size="0.5 0.5 0.125" pos="3.5 0.5 -12.875" hidden="0" template="night"/>
	<box size="0.5 0.125 0.5" pos="1.5 -0.875 -12.5" hidden="0" template="night"/>
	<box size="0.5 0.1875 0.5" pos="2.5 -0.8125 -12.5" hidden="0" template="night"/>
	<box size="0.5 0.25 0.5" pos="2.5 -0.75 -13.5" hidden="0" template="night"/>
	<box size="0.5 0.25 0.5" pos="-2.5 -0.75 -13.5" hidden="0" template="night"/>
	<box size="0.5 0.1875 0.5" pos="1.5 -0.8125 -13.5" hidden="0" template="night"/>
	<box size="0.5 0.25 0.5" pos="-0.5 -0.75 -13.5" hidden="0" template="night"/>
	<box size="0.5 0.125 0.5" pos="6.5 0.125 -13.5" hidden="0" template="night"/>
	<box size="0.5 0.1875 0.5" pos="4.5 0.1875 -13.5" hidden="0" template="night"/>
	<box size="0.5 0.0625 0.5" pos="7.5 0.0625 -13.5" hidden="0" template="night"/>
	<box size="0.5 0.1875 0.5" pos="-5.5 0.0625 -13.5" hidden="0" template="night"/>
	<box size="0.5 0.0625 0.5" pos="-8.5 0.0625 -13.5" hidden="0" template="night"/>
	<box size="0.5 0.0625 0.5" pos="5.5 0.0625 -13.5" hidden="0" template="night"/>
	<box size="0.5 0.125 0.5" pos="-7.5 0.125 -13.5" hidden="0" template="night"/>
	<box size="0.5 1.75 0.5" pos="-3.5 1.75 -13.5" hidden="0" template="night"/>
	<box size="0.5 0.125 0.5" pos="-3.5 4.625 -13.5" hidden="0" template="night"/>
	<box size="4.0 0.5 0.5" pos="0.0 4.0 -13.5" hidden="0" template="night"/>
	<box size="0.5 0.125 0.5" pos="3.5 4.625 -13.5" hidden="0" template="night"/>
	<box size="0.5 1.75 0.5" pos="3.5 1.75 -13.5" hidden="0" template="night"/>
	<box size="0.5 0.1875 0.5" pos="-4.5 0.1875 -13.5" hidden="0" template="night"/>
	<box size="0.5 0.0625 0.5" pos="-6.5 0.0625 -13.5" hidden="0" template="night"/>
	<box size="0.5 0.3125 0.5" pos="0.5 -0.6875 -13.5" hidden="0" template="night"/>
	<box size="0.5 0.1875 0.5" pos="-1.5 -0.8125 -13.5" hidden="0" template="night"/>
	<obstacle pos="0.0 0.0 -14.25" hidden="0" type="sweeper" template="night_glass" mode="4" param2="speed=0.5" param3="height=4"/>
	<obstacle pos="0.0 0.0 -14.5" hidden="0" type="sweeper" template="night_glass" param1="offset=-1" param2="speed=0.5" param3="height=4" mode="3"/>
	<obstacle pos="0.0 0.0 -14.75" hidden="0" type="sweeper" template="night_glass" param1="offset=-1" param2="speed=0.5" param3="height=4" mode="4"/>
	<box size="4.0 0.25 0.5" pos="0.0 4.25 -14.5" hidden="1" template="night"/>
	<box size="3.0 0.375 0.5" pos="0.0 -0.75 -14.5" hidden="0" template="night"/>
	<box size="6.5 4.0 1.5" pos="9.5 -4.0 -14.5" hidden="0" template="night"/>
	<box size="0.5 1.75 0.5" pos="-3.5 1.75 -15.5" hidden="0" template="night"/>
	<box size="0.5 1.75 0.5" pos="3.5 1.75 -15.5" hidden="0" template="night"/>
	<box size="3.0 3.0 2.0" pos="0.0 -4.0 -14.0" hidden="0" template="night"/>
	<box size="6.5 4.0 1.5" pos="-9.5 -4.0 -14.5" hidden="0" template="night"/>
	<box size="4.0 0.5 0.5" pos="0.0 4.0 -15.5" hidden="0" template="night"/>
	<box size="0.5 0.125 0.5" pos="-3.5 4.625 -15.5" hidden="0" template="night"/>
	<box size="0.5 0.0625 0.5" pos="2.5 -0.9375 -15.5" hidden="0" template="night"/>
	<box size="0.5 0.125 0.5" pos="3.5 4.625 -15.5" hidden="0" template="night"/>
</segment>

