<segment size="12 10 16" template="night_s">
	<box size="0.5 3.0 0.5" pos="1.0 -5.0 -1.125" hidden="0" template="night"/>
	<box size="0.5 3.0 0.5" pos="-1.0 -4.5 -1.25" hidden="0" template="night"/>
	<box size="0.5 0.0625 0.5" pos="-7.5 0.0625 -1.5" hidden="0" template="night"/>
	<box size="0.5 0.0625 0.5" pos="8.5 0.0625 -2.5" hidden="0" template="night"/>
	<box size="0.5 0.1875 0.5" pos="7.5 0.1875 -2.5" hidden="0" template="night"/>
	<box size="0.5 0.0625 0.5" pos="6.5 0.0625 -2.5" hidden="0" template="night"/>
	<box size="0.5 0.0625 0.5" pos="-6.5 0.0625 -2.5" hidden="0" template="night"/>
	<box size="0.5 0.0625 0.5" pos="-8.5 0.0625 -2.5" hidden="0" template="night"/>
	<box size="0.5 0.25 0.5" pos="-7.5 0.25 -2.5" hidden="0" template="night"/>
	<box size="0.5 0.0625 0.5" pos="1.0 -0.9375 -2.5" hidden="0" template="night"/>
	<box size="0.5 0.125 0.5" pos="2.5 0.125 -3.5" hidden="0" template="night"/>
	<box size="0.5 0.0625 0.5" pos="-1.0 -0.9375 -3.5" hidden="0" template="night"/>
	<box size="0.5 0.125 0.5" pos="4.5 0.125 -3.5" hidden="0" template="night"/>
	<box size="0.5 0.125 0.5" pos="-10.5 0.125 -3.5" hidden="0" template="night"/>
	<box size="0.5 0.0625 0.5" pos="-9.5 0.0625 -3.5" hidden="0" template="night"/>
	<box size="0.5 0.25 0.5" pos="-6.5 0.25 -3.5" hidden="0" template="night"/>
	<box size="0.5 0.3125 0.5" pos="-7.5 0.3125 -3.5" hidden="0" template="night"/>
	<box size="0.5 0.1875 0.5" pos="-8.5 0.1875 -3.5" hidden="0" template="night"/>
	<box size="0.5 0.125 0.5" pos="-4.5 0.125 -3.5" hidden="0" template="night"/>
	<box size="0.5 0.0625 0.5" pos="-5.5 0.0625 -3.5" hidden="0" template="night"/>
	<box size="0.5 0.0625 0.5" pos="-3.5 0.0625 -3.5" hidden="0" template="night"/>
	<box size="0.5 0.125 0.5" pos="-2.5 0.125 -3.5" hidden="0" template="night"/>
	<box size="7.0 4.0 2.0" pos="9.0 -4.0 -2.0" hidden="0" template="night"/>
	<box size="7.0 4.0 2.0" pos="-9.0 -4.0 -2.0" hidden="0" template="night"/>
	<box size="0.5 0.125 0.5" pos="10.5 0.125 -3.5" hidden="0" template="night"/>
	<box size="0.5 0.1875 0.5" pos="8.5 0.1875 -3.5" hidden="0" template="night"/>
	<box size="0.5 0.0625 0.5" pos="9.5 0.0625 -3.5" hidden="0" template="night"/>
	<box size="0.5 0.3125 0.5" pos="7.5 0.3125 -3.5" hidden="0" template="night"/>
	<box size="0.5 0.1875 0.5" pos="1.0 -0.8125 -3.5" hidden="0" template="night"/>
	<box size="0.5 0.25 0.5" pos="6.5 0.25 -3.5" hidden="0" template="night"/>
	<box size="0.5 0.0625 0.5" pos="3.5 0.0625 -3.5" hidden="0" template="night"/>
	<box size="0.5 0.0625 0.5" pos="5.5 0.0625 -3.5" hidden="0" template="night"/>
	<box size="0.5 0.375 0.5" pos="1.0 -0.75 -4.5" hidden="0" template="night"/>
	<box size="0.5 0.1875 0.5" pos="0.0 -0.8125 -4.5" hidden="0" template="night"/>
	<box size="0.5 0.125 0.5" pos="-1.0 -0.875 -4.5" hidden="0" template="night"/>
	<box size="1.5 3.0 1.875" pos="0.0 -4.0 -3.875" hidden="0" template="night"/>
	<box size="0.5 0.375 0.375" pos="0.0 -0.625 -5.375" hidden="0" template="night"/>
	<box size="0.5 0.4375 0.4375" pos="1.0 -0.5625 -5.4375" hidden="0" template="night"/>
	<box size="0.5 0.3125 0.4375" pos="-1.0 -0.6875 -5.4375" hidden="0" template="night"/>
	<decal pos="0.25 -0.60061 -5.99" hidden="0" tile="10" size=".75 1" color="1 1 1 .2"/>
	<decal pos="0.0 -0.22561 -5.99" hidden="0" tile="10" size="1.5 .75" color="1 1 1 .15"/>
	<decal pos="-0.625 -0.47561 -5.99" hidden="0" tile="10" size=".75 1.4" color="1 1 1 .5"/>
	<obstacle pos="-6.6 4.50979 -7.5" hidden="0" template="night_glass" type="dna" rot="0 0 1.57"/>
	<obstacle pos="6.6 4.50979 -7.5" hidden="0" template="night_glass" type="dna" rot="0 0 1.57"/>
	<box size="5.5 4.4375 0.5" pos="-12.5 13.0625 -7.5" hidden="0" template="night"/>
	<box size="5.5 4.4375 0.5" pos="-12.5 -3.5625 -7.5" hidden="0" template="night"/>
	<box size="0.5 4.5 0.5" pos="-6.5 -3.5 -7.5" hidden="0" template="night"/>
	<box size="0.5 4.5 0.5" pos="6.5 13.0 -7.5" hidden="0" template="night"/>
	<box size="5.5 4.4375 0.5" pos="12.5 -3.5625 -7.5" hidden="0" template="night"/>
	<box size="5.5 4.4375 0.5" pos="12.5 13.0625 -7.5" hidden="0" template="night"/>
	<box size="0.5 4.5 0.5" pos="6.5 -3.5 -7.5" hidden="0" template="night"/>
	<box size="0.5 4.5 0.5" pos="-6.5 13.0 -7.5" hidden="0" template="night"/>
	<obstacle pos="0.0 -3.22722 -8.5" hidden="0" type="elevatorgrid" param1="color=.3 .32 .35" template="cave2" param0="thickness=6" param2="rows=3" param3="cols=5" param4="amplitude=.5" param5="frequency=.25" param6="offset=4" param7="separation=0"/>
	<obstacle pos="0.0 0.27278 -9.5" hidden="0" type="box" template="night_glass" param1="sizeX=.5" param2="sizeY=1" param3="sizeZ=.2" param4="strength=.1" param5="raycast=true"/>
	<box size="0.5 0.0625 0.5" pos="2.5 -0.9375 -9.5" hidden="0" template="night"/>
	<box size="0.5 0.0625 0.5" pos="-2.5 -0.9375 -9.5" hidden="0" template="night"/>
	<box size="0.5 0.125 0.5" pos="2.5 -0.875 -10.5" hidden="0" template="night"/>
	<box size="0.5 0.125 0.5" pos="-2.5 -0.875 -10.5" hidden="0" template="night"/>
	<box size="0.5 4.0 0.25" pos="6.5 -4.0 -11.75" hidden="0" template="night"/>
	<box size="0.5 4.0 0.1875" pos="9.5 -4.0 -11.8125" hidden="0" template="night"/>
	<box size="0.5 4.0 0.0625" pos="3.5 -4.0 -11.9375" hidden="0" template="night"/>
	<box size="0.5 4.0 0.375" pos="7.5 -4.0 -11.625" hidden="0" template="night"/>
	<box size="0.5 4.0 0.125" pos="-5.5 -4.0 -11.875" hidden="0" template="night"/>
	<box size="0.5 4.0 0.1875" pos="-10.5 -4.0 -11.8125" hidden="0" template="night"/>
	<box size="0.5 0.4375 0.5" pos="1.0 -0.6875 -11.5" hidden="0" template="night"/>
	<box size="0.5 0.25 0.5" pos="0.0 -0.75 -11.5" hidden="0" template="night"/>
	<box size="0.5 3.5 4.0" pos="-2.5 -4.5 -8.0" hidden="0" template="night"/>
	<box size="0.5 3.5 4.0" pos="2.5 -4.5 -8.0" hidden="0" template="night"/>
	<box size="0.5 0.1875 0.5" pos="2.5 -0.8125 -11.5" hidden="0" template="night"/>
	<box size="0.5 4.0 0.0625" pos="-7.5 -4.0 -11.9375" hidden="0" template="night"/>
	<box size="0.5 0.1875 0.5" pos="-2.5 -0.8125 -11.5" hidden="0" template="night"/>
	<box size="0.5 4.0 0.3125" pos="-3.5 -4.0 -11.6875" hidden="0" template="night"/>
	<box size="0.5 0.1875 0.5" pos="-1.0 -0.8125 -11.5" hidden="0" template="night"/>
	<box size="0.5 0.25 0.5" pos="1.0 -0.75 -12.5" hidden="0" template="night"/>
	<box size="0.5 0.125 0.5" pos="-1.0 -0.875 -12.5" hidden="0" template="night"/>
	<box size="0.5 0.1875 0.5" pos="0.0 -0.8125 -12.5" hidden="0" template="night"/>
	<box size="0.5 0.5 0.125" pos="5.5 0.5 -13.875" hidden="0" template="night"/>
	<box size="0.5 0.5 0.125" pos="-5.5 0.5 -13.875" hidden="0" template="night"/>
	<box size="0.5 0.0625 0.5" pos="0.0 -0.9375 -13.5" hidden="0" template="night"/>
	<box size="0.5 0.1875 0.5" pos="-8.5 0.1875 -14.5" hidden="0" template="night"/>
	<box size="0.5 0.125 0.5" pos="-5.5 7.625 -14.5" hidden="0" template="night"/>
	<box size="5.0 0.5 0.5" pos="0.0 7.0 -14.5" hidden="0" template="night"/>
	<box size="0.5 0.3125 0.5" pos="-9.5 0.3125 -14.5" hidden="0" template="night"/>
	<box size="0.5 0.125 0.5" pos="5.5 7.625 -14.5" hidden="0" template="night"/>
	<box size="0.5 0.0625 0.5" pos="-11.5 0.0625 -14.5" hidden="0" template="night"/>
	<box size="0.5 0.25 0.5" pos="-10.5 0.25 -14.5" hidden="0" template="night"/>
	<box size="0.5 0.375 0.5" pos="6.5 0.375 -14.5" hidden="0" template="night"/>
	<box size="0.5 0.25 0.5" pos="7.5 0.25 -14.5" hidden="0" template="night"/>
	<box size="0.5 0.1875 0.5" pos="8.5 0.1875 -14.5" hidden="0" template="night"/>
	<box size="0.5 0.25 0.5" pos="10.5 0.25 -14.5" hidden="0" template="night"/>
	<box size="0.5 0.0625 0.5" pos="11.5 0.0625 -14.5" hidden="0" template="night"/>
	<box size="0.5 0.375 0.5" pos="-6.5 0.375 -14.5" hidden="0" template="night"/>
	<box size="0.5 0.3125 0.5" pos="9.5 0.3125 -14.5" hidden="0" template="night"/>
	<box size="0.5 0.25 0.5" pos="-7.5 0.25 -14.5" hidden="0" template="night"/>
	<box size="0.5 3.75 0.5" pos="-5.5 3.75 -14.5" hidden="0" template="night"/>
	<box size="0.5 3.75 0.5" pos="5.5 3.75 -14.5" hidden="0" template="night"/>
	<box size="0.5 0.0625 0.5" pos="3.5 0.0625 -14.5" hidden="0" template="night"/>
	<box size="0.5 0.125 0.5" pos="4.5 0.125 -14.5" hidden="0" template="night"/>
	<box size="0.5 0.0625 0.5" pos="-3.5 0.0625 -14.5" hidden="0" template="night"/>
	<box size="0.5 0.125 0.5" pos="-4.5 0.125 -14.5" hidden="0" template="night"/>
	<box size="7.0 4.0 2.0" pos="9.0 -4.0 -14.0" hidden="0" template="night"/>
	<box size="7.0 4.0 2.0" pos="-9.0 -4.0 -14.0" hidden="0" template="night"/>
	<box size="1.5 3.0 2.5" pos="0.0 -4.0 -13.5" hidden="0" template="night"/>
</segment>

