<segment size="12 10 16" template="night_s">
	<box size="0.5 0.5 0.25" pos="-4.5 0.5 -4.75" hidden="0" template="night"/>
	<box size="0.5 0.5 0.25" pos="-7.5 0.5 -5.75" hidden="0" template="night"/>
	<box size="1.0 1.5 0.375" pos="-9.0 1.5 -5.625" hidden="0" template="night"/>
	<box size="0.5 0.5 0.25" pos="-7.5 5.5 -5.75" hidden="0" template="night"/>
	<box size="0.5 0.5 0.125" pos="-4.5 4.5 -5.875" hidden="0" template="night"/>
	<box size="1.0 1.5 0.5" pos="-5.0 1.5 -5.5" hidden="0" template="night"/>
	<box size="1.0 1.5 0.125" pos="-8.0 7.5 -5.875" hidden="0" template="night"/>
	<box size="0.5 0.5 0.25" pos="6.5 0.5 -5.75" hidden="0" template="night"/>
	<box size="0.125 0.5 0.375" pos="-3.875 2.5 -6.375" hidden="0" template="night"/>
	<box size="1.0 1.5 0.125" pos="10.0 7.5 -6.875" hidden="0" template="night"/>
	<box size="1.0 1.5 0.5" pos="7.0 1.5 -6.5" hidden="0" template="night"/>
	<box size="0.5 0.5 0.125" pos="6.5 4.5 -6.875" hidden="0" template="night"/>
	<box size="0.5 0.5 0.25" pos="9.5 5.5 -6.75" hidden="0" template="night"/>
	<box size="0.5 0.5 0.25" pos="9.5 0.5 -6.75" hidden="0" template="night"/>
	<box size="1.0 1.5 0.375" pos="11.0 1.5 -6.625" hidden="0" template="night"/>
	<decal pos="0.5 -2.32883 -7.125" hidden="0" tile="18" size="1 5" blend="0" color="1 1 1 .25"/>
	<box size="0.125 0.5 0.375" pos="5.875 2.5 -7.375" hidden="0" template="night"/>
	<box size="0.5 1.0 1.0" pos="-4.0 1.0 -7.0" hidden="0" template="night"/>
	<box size="1.0 8.0 1.0" pos="-5.0 8.0 -7.0" hidden="0" template="night"/>
	<box size="3.0 8.0 1.0" pos="-10.0 8.0 -7.0" hidden="0" template="night"/>
	<decal pos="-0.5 -2.95383 -7.875" hidden="0" tile="18" size="1 5" blend="0" color="1 1 1 .25"/>
	<box size="0.5 1.0 1.0" pos="6.0 1.0 -8.0" hidden="0" template="night"/>
	<box size="1.0 8.0 1.0" pos="7.0 8.0 -8.0" hidden="0" template="night"/>
	<box size="3.0 8.0 1.0" pos="12.0 8.0 -8.0" hidden="0" template="night"/>
	<box size="0.125 4.0 0.5" pos="-2.875 -4.0 -11.5" hidden="0" template="night"/>
	<box size="0.0625 4.0 0.5" pos="2.9375 -4.0 -11.5" hidden="0" template="night"/>
	<box size="0.5 4.0625 0.5" pos="-4.5 -3.9375 -11.5" hidden="0" template="night"/>
	<box size="0.3125 4.0 0.5" pos="-2.6875 -4.0 -12.5" hidden="0" template="night"/>
	<box size="0.5 4.0625 0.5" pos="4.5 -3.9375 -12.5" hidden="0" template="night"/>
	<box size="0.3125 4.0 0.5" pos="2.6875 -4.0 -12.5" hidden="0" template="night"/>
	<box size="0.5 4.125 0.5" pos="-4.5 -3.875 -12.5" hidden="0" template="night"/>
	<box size="0.1875 4.0 0.5" pos="2.8125 -4.0 -13.5" hidden="0" template="night"/>
	<box size="0.5 4.125 0.5" pos="4.5 -3.875 -13.5" hidden="0" template="night"/>
	<box size="0.25 4.0 0.5" pos="-2.75 -4.0 -13.5" hidden="0" template="night"/>
	<box size="0.5 4.1875 0.5" pos="-4.5 -3.8125 -13.5" hidden="0" template="night"/>
	<box size="0.375 4.0 0.5" pos="2.625 -4.0 -14.5" hidden="0" template="night"/>
	<box size="5.5 4.4375 0.5" pos="10.5 -3.5625 -14.5" hidden="0" template="night"/>
	<box size="0.5 4.5 0.5" pos="-4.5 12.0 -14.5" hidden="0" template="night"/>
	<box size="5.5 4.4375 0.5" pos="10.5 12.0625 -14.5" hidden="0" template="night"/>
	<box size="5.5 4.4375 0.5" pos="-10.5 12.0625 -14.5" hidden="0" template="night"/>
	<box size="0.5 4.5 0.5" pos="4.5 12.0 -14.5" hidden="0" template="night"/>
	<box size="0.5 4.5 0.5" pos="4.5 -3.5 -14.5" hidden="0" template="night"/>
	<box size="0.3125 4.0 0.5" pos="-2.6875 -4.0 -14.5" hidden="0" template="night"/>
	<box size="0.5 4.5 0.5" pos="-4.5 -3.5 -14.5" hidden="0" template="night"/>
	<box size="5.5 4.4375 0.5" pos="-10.5 -3.5625 -14.5" hidden="0" template="night"/>
	<obstacle pos="-5.6 4.50979 -15.5" hidden="0" template="night_glass" type="dna" rot="0 0 1.65"/>
	<obstacle pos="5.6 4.50979 -15.5" hidden="0" template="night_glass" type="dna" rot="0 0 1.5"/>
	<box size="6.5 4.0 8.0" pos="-9.5 -4.0 -8.0" hidden="0" template="night"/>
	<box size="6.5 4.0 8.0" pos="9.5 -4.0 -8.0" hidden="0" template="night"/>
	<box size="0.1875 4.0 0.5" pos="-2.8125 -4.0 -15.5" hidden="0" template="night"/>
	<box size="0.125 4.0 0.5" pos="2.875 -4.0 -15.5" hidden="0" template="night"/>
</segment>

