<segment size="12 10 16" template="basic_dark_s">
	<box size="0.5 0.0625 0.5" pos="0.5 0.0625 -4.5" hidden="0" template="basic_dark"/>
	<obstacle pos="-3.0 0.75 -6.5" hidden="0" type="scoretop" template="basic_st" param1="static=0" param2="raycast=true"/>
	<obstacle pos="-3.0 -2.125 -6.5" hidden="0" type="elevator" param0="frequency=1" param1="amplitude=1" param2="thickness=4" param3="color=.7 .81 .86"/>
	<box size="0.5 0.0625 0.5" pos="-0.5 0.0625 -11.5" hidden="0" template="basic_dark"/>
	<obstacle pos="3.0 1.0 -12.5" hidden="0" type="scoretop" template="basic_st" param1="static=0" param2="raycast=true"/>
	<obstacle pos="3.0 -2.125 -12.5" hidden="0" type="elevator" param0="frequency=1" param1="amplitude=1" param2="thickness=4" param3="color=.7 .81 .86" param4="offset=1"/>
	<box size="0.5 0.125 0.5" pos="-1.5 4.875 -15.5" hidden="0" template="basic_dark"/>
	<box size="0.5 0.125 0.5" pos="-4.5 4.875 -15.5" hidden="0" template="basic_dark"/>
	<box size="0.5 0.1875 0.5" pos="-3.5 4.8125 -15.5" hidden="0" template="basic_dark"/>
	<box size="0.5 0.125 0.5" pos="4.5 -0.125 -15.5" hidden="0" template="basic_dark"/>
	<box size="0.5 2.5 0.5" pos="-2.5 -2.5 -15.5" hidden="0" template="basic_dark"/>
	<box size="0.5 0.125 0.5" pos="-4.5 -0.125 -15.5" hidden="0" template="basic_dark"/>
	<box size="0.5 0.0625 0.5" pos="-8.5 4.9375 -15.5" hidden="0" template="basic_dark"/>
	<box size="0.5 0.125 0.5" pos="4.5 4.875 -15.5" hidden="0" template="basic_dark"/>
	<box size="0.5 0.1875 0.5" pos="1.5 5.0625 -15.5" hidden="0" template="basic_dark"/>
	<box size="0.5 2.5625 0.5" pos="1.5 -2.4375 -15.5" hidden="0" template="basic_dark"/>
	<box size="0.5 0.125 0.5" pos="0.5 0.125 -15.5" hidden="0" template="basic_dark"/>
	<box size="0.5 0.125 0.5" pos="-6.5 4.875 -15.5" hidden="0" template="basic_dark"/>
	<box size="0.5 0.0625 0.5" pos="-0.5 0.0625 -15.5" hidden="0" template="basic_dark"/>
	<box size="0.5 0.0625 0.5" pos="7.5 4.9375 -15.5" hidden="0" template="basic_dark"/>
	<box size="0.5 0.125 0.5" pos="6.5 4.875 -15.5" hidden="0" template="basic_dark"/>
	<box size="1.0 2.5 8.0" pos="0.0 -2.5 -8.0" hidden="0" template="basic_dark" reflection="1"/>
	<box size="0.5 0.125 0.5" pos="2.5 4.875 -15.5" hidden="0" template="basic_dark"/>
	<box size="5.5 2.375 0.5" pos="8.5 -2.625 -15.5" hidden="0" template="basic_dark"/>
	<box size="0.5 0.0625 0.5" pos="-5.5 4.9375 -15.5" hidden="0" template="basic_dark"/>
	<box size="0.5 0.0625 0.5" pos="-0.5 4.9375 -15.5" hidden="0" template="basic_dark"/>
	<box size="5.5 2.375 0.5" pos="-8.5 -2.625 -15.5" hidden="0" template="basic_dark"/>
	<box size="0.5 2.625 0.5" pos="-1.5 -2.375 -15.5" hidden="0" template="basic_dark"/>
	<box size="0.5 0.0625 0.5" pos="5.5 4.9375 -15.5" hidden="0" template="basic_dark"/>
	<box size="0.5 0.125 0.5" pos="0.5 4.875 -15.5" hidden="0" template="basic_dark"/>
	<box size="0.5 2.6875 0.5" pos="2.5 -2.3125 -15.5" hidden="0" template="basic_dark"/>
	<box size="0.5 0.1875 0.5" pos="-2.5 4.8125 -15.5" hidden="0" template="basic_dark"/>
	<box size="14.0 0.5 8.0" pos="0.0 5.5 -9.0" hidden="1" template="basic_dark"/>
</segment>

