<segment size="12 10 16" template="basic_dark_s">
	<box size="13.5 0.3125 0.125" pos="0.0 2.1875 -4.125" hidden="0" template="basic_dark"/>
	<obstacle pos="0.0 0.2381 -4.5" hidden="0" type="sweeper" template="basic_glass" param2="speed=.25"/>
	<box size="0.5 0.25 0.5" pos="0.5 2.75 -4.5" hidden="0" template="basic_dark"/>
	<box size="0.5 0.25 0.5" pos="1.5 2.75 -4.5" hidden="0" template="basic_dark"/>
	<box size="1.0 0.5 0.5" pos="-3.0 3.0 -4.5" hidden="0" template="basic_dark"/>
	<box size="1.0 0.4375 0.5" pos="3.0 2.9375 -4.5" hidden="0" template="basic_dark"/>
	<box size="0.5 0.25 0.5" pos="-1.5 2.75 -4.5" hidden="0" template="basic_dark"/>
	<box size="0.5 0.1875 0.5" pos="-0.5 2.6875 -4.5" hidden="0" template="basic_dark"/>
	<box size="2.5 0.0625 0.5" pos="10.5 2.5625 -4.5" hidden="0" template="basic_dark"/>
	<box size="0.5 0.125 0.5" pos="7.5 2.625 -4.5" hidden="0" template="basic_dark"/>
	<box size="0.5 0.0625 0.5" pos="6.5 2.5625 -4.5" hidden="0" template="basic_dark"/>
	<box size="0.5 0.25 0.5" pos="5.5 2.75 -4.5" hidden="0" template="basic_dark"/>
	<box size="0.5 0.3125 0.5" pos="4.5 2.8125 -4.5" hidden="0" template="basic_dark"/>
	<box size="2.0 0.1875 0.5" pos="-11.0 2.6875 -4.5" hidden="0" template="basic_dark"/>
	<box size="0.5 0.125 0.5" pos="-8.5 2.625 -4.5" hidden="0" template="basic_dark"/>
	<box size="1.0 0.0625 0.5" pos="-7.0 2.5625 -4.5" hidden="0" template="basic_dark"/>
	<box size="0.5 0.25 0.5" pos="-5.5 2.75 -4.5" hidden="0" template="basic_dark"/>
	<box size="0.5 0.3125 0.5" pos="-4.5 2.8125 -4.5" hidden="0" template="basic_dark"/>
	<box size="13.5 0.3125 0.125" pos="0.0 2.1875 -4.875" hidden="0" template="basic_dark"/>
	<box size="13.5 0.3125 0.125" pos="0.0 2.1875 -9.875" hidden="0" template="basic_dark"/>
	<obstacle pos="0.0 0.2381 -10.5" hidden="0" type="sweeper" template="basic_glass" param1="offset=2" param3="speed=.25"/>
	<box size="13.5 0.3125 0.125" pos="0.0 2.1875 -10.875" hidden="0" template="basic_dark"/>
	<box size="0.5 0.4375 0.5" pos="-0.5 2.9375 -10.5" hidden="0" template="basic_dark"/>
	<box size="0.5 0.5 0.5" pos="-1.5 3.0 -10.5" hidden="0" template="basic_dark"/>
	<box size="1.0 0.75 0.5" pos="3.0 3.25 -10.5" hidden="0" template="basic_dark"/>
	<box size="1.0 0.9375 0.5" pos="-3.0 3.4375 -10.5" hidden="0" template="basic_dark"/>
	<box size="1.0 0.5 0.5" pos="-3.0 3.0 -10.5" hidden="0" template="basic_dark"/>
	<box size="0.5 0.5625 0.5" pos="0.5 3.0625 -10.5" hidden="0" template="basic_dark"/>
	<box size="0.5 0.4375 0.5" pos="1.5 2.9375 -10.5" hidden="0" template="basic_dark"/>
	<box size="2.5 0.125 0.5" pos="-10.5 2.625 -10.5" hidden="0" template="basic_dark"/>
	<box size="0.5 0.25 0.5" pos="-5.5 2.75 -10.5" hidden="0" template="basic_dark"/>
	<box size="1.0 0.0625 0.5" pos="-7.0 2.5625 -10.5" hidden="0" template="basic_dark"/>
	<box size="0.5 0.3125 0.5" pos="-4.5 2.8125 -10.5" hidden="0" template="basic_dark"/>
	<box size="2.5 0.0625 0.5" pos="10.5 2.5625 -10.5" hidden="0" template="basic_dark"/>
	<box size="0.5 0.25 0.5" pos="7.5 2.75 -10.5" hidden="0" template="basic_dark"/>
	<box size="0.5 0.3125 0.5" pos="6.5 2.8125 -10.5" hidden="0" template="basic_dark"/>
	<box size="1.0 0.4375 0.5" pos="5.0 2.9375 -10.5" hidden="0" template="basic_dark"/>
	<box size="0.5 0.1875 0.5" pos="-2.5 4.8125 -15.5" hidden="0" template="basic_dark"/>
	<box size="0.5 0.125 0.5" pos="-4.5 4.875 -15.5" hidden="0" template="basic_dark"/>
	<box size="0.5 0.0625 0.5" pos="-5.5 4.9375 -15.5" hidden="0" template="basic_dark"/>
	<box size="0.5 0.125 0.5" pos="-6.5 4.875 -15.5" hidden="0" template="basic_dark"/>
	<box size="0.5 0.125 0.5" pos="6.5 4.875 -15.5" hidden="0" template="basic_dark"/>
	<box size="0.5 0.0625 0.5" pos="5.5 4.9375 -15.5" hidden="0" template="basic_dark"/>
	<box size="0.5 0.125 0.5" pos="4.5 4.875 -15.5" hidden="0" template="basic_dark"/>
	<box size="0.5 0.0625 0.5" pos="7.5 4.9375 -15.5" hidden="0" template="basic_dark"/>
	<box size="1.0 2.5 8.0" pos="0.0 -2.5 -8.0" hidden="0" template="basic_dark" reflection="1"/>
	<box size="0.5 0.125 0.5" pos="2.5 4.875 -15.5" hidden="0" template="basic_dark"/>
	<box size="5.5 2.375 0.5" pos="8.5 -2.625 -15.5" hidden="0" template="basic_dark"/>
	<box size="0.5 0.125 0.5" pos="0.5 0.125 -15.5" hidden="0" template="basic_dark"/>
	<box size="0.5 0.125 0.5" pos="0.5 4.875 -15.5" hidden="0" template="basic_dark"/>
	<box size="0.5 2.6875 0.5" pos="2.5 -2.3125 -15.5" hidden="0" template="basic_dark"/>
	<box size="5.5 2.375 0.5" pos="-8.5 -2.625 -15.5" hidden="0" template="basic_dark"/>
	<box size="0.5 0.0625 0.5" pos="-0.5 4.9375 -15.5" hidden="0" template="basic_dark"/>
	<box size="0.5 2.5625 0.5" pos="1.5 -2.4375 -15.5" hidden="0" template="basic_dark"/>
	<box size="0.5 0.0625 0.5" pos="-0.5 0.0625 -15.5" hidden="0" template="basic_dark"/>
	<box size="0.5 0.0625 0.5" pos="1.5 4.9375 -15.5" hidden="0" template="basic_dark"/>
	<box size="0.5 0.1875 0.5" pos="-3.5 4.8125 -15.5" hidden="0" template="basic_dark"/>
	<box size="0.5 0.0625 0.5" pos="-8.5 4.9375 -15.5" hidden="0" template="basic_dark"/>
	<box size="0.5 0.125 0.5" pos="4.5 -0.125 -15.5" hidden="0" template="basic_dark"/>
	<box size="0.5 2.5 0.5" pos="-2.5 -2.5 -15.5" hidden="0" template="basic_dark"/>
	<box size="0.5 0.125 0.5" pos="-4.5 -0.125 -15.5" hidden="0" template="basic_dark"/>
	<box size="0.5 2.625 0.5" pos="-1.5 -2.375 -15.5" hidden="0" template="basic_dark"/>
	<box size="0.5 0.125 0.5" pos="-1.5 4.875 -15.5" hidden="0" template="basic_dark"/>
	<box size="14.0 0.5 9.0" pos="0.0 5.5 -10.0" hidden="1" template="basic_dark"/>
</segment>

