<segment size="12 10 16" template="basic_dark_s">
	<box size="0.5 5.0 3.5" pos="3.5 0.0 -3.5" hidden="0" template="basic_dark"/>
	<box size="0.5 5.0 3.5" pos="-3.5 0.0 -3.5" hidden="0" template="basic_dark"/>
	<box size="4.0 0.125 0.125" pos="0.0 2.375 -7.125" hidden="0" template="basic_dark"/>
	<obstacle pos="0.0 0.2381 -7.5" hidden="0" type="sweeper" template="basic_glass" param2="speed=.25"/>
	<box size="1.0 0.5 0.5" pos="-3.0 3.0 -7.5" hidden="0" template="basic_dark"/>
	<box size="1.0 0.4375 0.5" pos="3.0 2.9375 -7.5" hidden="0" template="basic_dark"/>
	<box size="0.5 0.25 0.5" pos="-1.5 2.75 -7.5" hidden="0" template="basic_dark"/>
	<box size="0.5 0.1875 0.5" pos="-0.5 2.6875 -7.5" hidden="0" template="basic_dark"/>
	<box size="0.5 0.25 0.5" pos="0.5 2.75 -7.5" hidden="0" template="basic_dark"/>
	<box size="0.5 0.25 0.5" pos="1.5 2.75 -7.5" hidden="0" template="basic_dark"/>
	<box size="4.0 0.125 0.125" pos="0.0 2.375 -7.875" hidden="0" template="basic_dark"/>
	<obstacle pos="0.5 0.21136 -15.5" hidden="0" template="basic_st" type="scoretop" mode="1"/>
	<obstacle pos="-0.5 0.08636 -15.5" hidden="0" template="basic_st" type="scoretop" mode="1"/>
	<box size="4.0 0.5 8.0" pos="0.0 5.5 -8.0" hidden="1" template="basic_dark"/>
	<box size="0.5 0.125 0.5" pos="-1.5 4.875 -15.5" hidden="0" template="basic_dark"/>
	<box size="0.5 0.0625 0.5" pos="1.5 4.9375 -15.5" hidden="0" template="basic_dark"/>
	<box size="0.5 0.0625 0.5" pos="-0.5 0.0625 -15.5" hidden="0" template="basic_dark"/>
	<box size="0.5 2.5625 0.5" pos="1.5 -2.4375 -15.5" hidden="0" template="basic_dark"/>
	<box size="1.5 5.0 3.5" pos="4.5 0.0 -12.5" hidden="0" template="basic_dark"/>
	<box size="1.5 5.0 3.5" pos="-4.5 0.0 -12.5" hidden="0" template="basic_dark"/>
	<box size="1.0 2.5 8.0" pos="0.0 -2.5 -8.0" hidden="0" template="basic_dark" reflection="1"/>
	<box size="0.5 0.125 0.5" pos="0.5 0.125 -15.5" hidden="0" template="basic_dark"/>
	<box size="0.5 2.625 0.5" pos="-1.5 -2.375 -15.5" hidden="0" template="basic_dark"/>
	<box size="0.5 0.0625 0.5" pos="-0.5 4.9375 -15.5" hidden="0" template="basic_dark"/>
	<box size="0.5 2.75 0.5" pos="-2.5 -2.25 -15.5" hidden="0" template="basic_dark"/>
	<box size="0.5 0.125 0.5" pos="0.5 4.875 -15.5" hidden="0" template="basic_dark"/>
	<box size="0.5 2.75 0.5" pos="2.5 -2.25 -15.5" hidden="0" template="basic_dark"/>
	<box size="0.5 0.1875 0.5" pos="-2.5 4.8125 -15.5" hidden="0" template="basic_dark"/>
	<box size="0.5 0.125 0.5" pos="2.5 4.875 -15.5" hidden="0" template="basic_dark"/>
</segment>

