<segment size="12 10 16" template="basic_dark_s">
	<box size="13.5 0.3125 0.125" pos="0.0 2.1875 -7.125" hidden="0" template="basic_dark"/>
	<box size="0.5 0.3125 0.5" pos="-4.5 2.8125 -7.5" hidden="0" template="basic_dark"/>
	<box size="0.5 0.25 0.5" pos="1.5 2.75 -7.5" hidden="0" template="basic_dark"/>
	<box size="0.5 0.25 0.5" pos="0.5 2.75 -7.5" hidden="0" template="basic_dark"/>
	<box size="1.0 0.5 0.5" pos="-3.0 3.0 -7.5" hidden="0" template="basic_dark"/>
	<box size="1.0 0.4375 0.5" pos="3.0 2.9375 -7.5" hidden="0" template="basic_dark"/>
	<box size="0.5 0.25 0.5" pos="-1.5 2.75 -7.5" hidden="0" template="basic_dark"/>
	<box size="0.5 0.1875 0.5" pos="-0.5 2.6875 -7.5" hidden="0" template="basic_dark"/>
	<box size="0.5 0.0625 0.5" pos="9.5 2.5625 -7.5" hidden="0" template="basic_dark"/>
	<box size="0.5 0.125 0.5" pos="7.5 2.625 -7.5" hidden="0" template="basic_dark"/>
	<box size="0.5 0.0625 0.5" pos="6.5 2.5625 -7.5" hidden="0" template="basic_dark"/>
	<box size="0.5 0.25 0.5" pos="5.5 2.75 -7.5" hidden="0" template="basic_dark"/>
	<box size="0.5 0.3125 0.5" pos="4.5 2.8125 -7.5" hidden="0" template="basic_dark"/>
	<box size="0.5 0.1875 0.5" pos="-9.5 2.6875 -7.5" hidden="0" template="basic_dark"/>
	<box size="0.5 0.125 0.5" pos="-8.5 2.625 -7.5" hidden="0" template="basic_dark"/>
	<box size="0.5 0.0625 0.5" pos="-6.5 2.5625 -7.5" hidden="0" template="basic_dark"/>
	<box size="0.5 0.25 0.5" pos="-5.5 2.75 -7.5" hidden="0" template="basic_dark"/>
	<obstacle pos="0.0 0.2381 -8.0" hidden="0" type="sweeper" template="basic_glass" param1="offset=5" param3="speed=.25"/>
	<box size="0.5 0.5625 0.5" pos="0.5 3.0625 -8.5" hidden="0" template="basic_dark"/>
	<box size="1.0 0.5 0.5" pos="-3.0 3.0 -8.5" hidden="0" template="basic_dark"/>
	<box size="13.5 0.3125 0.125" pos="0.0 2.1875 -8.875" hidden="0" template="basic_dark"/>
	<box size="0.5 0.4375 0.5" pos="-0.5 2.9375 -8.5" hidden="0" template="basic_dark"/>
	<box size="0.5 0.4375 0.5" pos="1.5 2.9375 -8.5" hidden="0" template="basic_dark"/>
	<box size="0.5 0.5 0.5" pos="-1.5 3.0 -8.5" hidden="0" template="basic_dark"/>
	<box size="1.0 0.75 0.5" pos="3.0 3.25 -8.5" hidden="0" template="basic_dark"/>
	<box size="1.0 0.9375 0.5" pos="-3.0 3.4375 -8.5" hidden="0" template="basic_dark"/>
	<box size="0.5 1.75 0.125" pos="3.5 -3.75 -10.875" hidden="0" template="basic_dark" reflection="1"/>
	<obstacle pos="3.5 -1.0 -11.5" hidden="0" type="scoretop" template="basic_st" param1="static=0" mode="6"/>
	<box size="0.5 2.0 0.5" pos="3.5 -3.0 -11.5" hidden="0" template="basic_dark" reflection="1"/>
	<box size="0.5 2.0 0.5" pos="2.5 -3.0 -14.5" hidden="0" template="basic_dark" reflection="1"/>
	<box size="0.5 2.0 0.5" pos="-3.5 -3.0 -14.5" hidden="0" template="basic_dark" reflection="1"/>
	<box size="0.5 1.75 0.5" pos="-2.5 -3.25 -14.5" hidden="0" template="basic_dark" reflection="1"/>
	<box size="0.5 1.5 0.5" pos="-4.5 -3.5 -14.5" hidden="0" template="basic_dark" reflection="1"/>
	<obstacle pos="-1.5 0.25 -15.5" hidden="0" type="scoretop" template="basic_st" param1="static=0" mode="1"/>
	<obstacle pos="1.5 0.25 -15.5" hidden="0" type="scoretop" template="basic_st" param1="static=0" mode="1"/>
	<box size="0.5 0.0625 0.5" pos="7.625 4.9375 -15.5" hidden="0" template="basic_dark"/>
	<box size="0.5 0.125 0.5" pos="6.625 4.875 -15.5" hidden="0" template="basic_dark"/>
	<box size="14.0 0.5 8.0" pos="0.125 5.5 -8.0" hidden="1" template="basic_dark"/>
	<box size="0.5 0.0625 0.5" pos="-0.5 0.0625 -15.5" hidden="0" template="basic_dark"/>
	<box size="5.5 2.375 0.5" pos="-8.5 -2.625 -15.5" hidden="0" template="basic_dark"/>
	<box size="0.5 2.625 0.5" pos="1.5 -2.375 -15.5" hidden="0" template="basic_dark"/>
	<box size="0.5 0.125 0.5" pos="4.5 -0.125 -15.5" hidden="0" template="basic_dark"/>
	<box size="0.5 0.125 0.5" pos="4.625 4.875 -15.5" hidden="0" template="basic_dark"/>
	<box size="0.5 2.5 0.5" pos="-2.5 -2.5 -15.5" hidden="0" template="basic_dark"/>
	<box size="0.5 0.125 0.5" pos="-4.5 -0.125 -15.5" hidden="0" template="basic_dark"/>
	<box size="1.0 2.5 8.0" pos="0.0 -2.5 -8.0" hidden="0" template="basic_dark" reflection="1"/>
	<box size="0.5 0.0625 0.5" pos="5.625 4.9375 -15.5" hidden="0" template="basic_dark"/>
	<box size="5.5 2.375 0.5" pos="8.5 -2.625 -15.5" hidden="0" template="basic_dark"/>
	<box size="0.5 2.625 0.5" pos="-1.5 -2.375 -15.5" hidden="0" template="basic_dark"/>
	<box size="0.5 0.125 0.5" pos="0.5 -0.05 -15.5" hidden="0" template="basic_dark"/>
	<box size="0.5 2.6875 0.5" pos="2.5 -2.3125 -15.5" hidden="0" template="basic_dark"/>
	<box size="0.5 0.0625 0.5" pos="-0.375 4.9375 -15.5" hidden="0" template="basic_dark"/>
	<box size="0.5 0.1875 0.5" pos="-2.375 4.8125 -15.5" hidden="0" template="basic_dark"/>
	<box size="0.5 0.0625 0.5" pos="1.625 4.9375 -15.5" hidden="0" template="basic_dark"/>
	<box size="0.5 0.125 0.5" pos="-1.375 4.875 -15.5" hidden="0" template="basic_dark"/>
	<box size="0.5 0.0625 0.5" pos="-8.375 4.9375 -15.5" hidden="0" template="basic_dark"/>
	<box size="0.5 0.1875 0.5" pos="-3.375 4.8125 -15.5" hidden="0" template="basic_dark"/>
	<box size="0.5 0.125 0.5" pos="-4.375 4.875 -15.5" hidden="0" template="basic_dark"/>
	<box size="0.5 0.0625 0.5" pos="-5.375 4.9375 -15.5" hidden="0" template="basic_dark"/>
	<box size="0.5 0.125 0.5" pos="-6.375 4.875 -15.5" hidden="0" template="basic_dark"/>
	<box size="0.5 0.125 0.5" pos="2.625 4.875 -15.5" hidden="0" template="basic_dark"/>
	<box size="0.5 0.125 0.5" pos="0.625 4.875 -15.5" hidden="0" template="basic_dark"/>
</segment>

