<segment size="12 10 8" template="basic_dark_s">
	<box size="0.5 1.9375 0.1875" pos="-2.5 -2.9375 -4.8125" hidden="0" template="basic_dark"/>
	<box size="0.5 2.4375 0.5" pos="-1.5 -2.5625 -5.5" hidden="0" template="basic_dark"/>
	<box size="0.5 2.4375 0.5" pos="1.5 -3.0625 -5.5" hidden="0" template="basic_dark"/>
	<box size="0.5 2.4375 0.5" pos="-2.5 -3.0625 -5.5" hidden="0" template="basic_dark"/>
	<box size="0.1875 1.9375 0.5" pos="-3.1875 -2.9375 -5.5" hidden="0" template="basic_dark"/>
	<box size="0.5 2.4375 0.5" pos="2.5 -3.0625 -5.5" hidden="0" template="basic_dark"/>
	<box size="0.125 2.4375 0.5" pos="3.125 -3.9375 -5.5" hidden="0" template="basic_dark"/>
	<obstacle pos="2.5 0.50017 -6.5" hidden="0" type="scoretop" template="basic_st" mode="6"/>
	<obstacle pos="-2.5 0.50017 -6.5" hidden="0" type="scoretop" template="basic_st" mode="6"/>
	<box size="0.5 3.625 0.5" pos="2.5 8.375 -6.5" hidden="0" template="basic_dark"/>
	<box size="0.5 3.6875 0.5" pos="-2.5 8.3125 -6.5" hidden="0" template="basic_dark"/>
	<box size="0.5 3.625 0.5" pos="-1.5 8.375 -6.5" hidden="0" template="basic_dark"/>
	<box size="0.5 2.75 0.5" pos="2.5 -2.25 -6.5" hidden="0" template="basic_dark"/>
	<box size="0.5 3.5625 0.5" pos="1.5 8.4375 -6.5" hidden="0" template="basic_dark"/>
	<box size="0.5 2.5625 0.5" pos="1.5 -2.4375 -6.5" hidden="0" template="basic_dark"/>
	<box size="0.5 2.75 0.5" pos="-2.5 -2.25 -6.5" hidden="0" template="basic_dark"/>
	<box size="0.5 0.125 0.5" pos="-0.5 0.125 -6.5" hidden="0" template="basic_dark"/>
	<box size="0.5 3.5625 0.5" pos="-0.5 8.4375 -6.5" hidden="0" template="basic_dark"/>
	<box size="0.5 2.6875 0.5" pos="-1.5 -2.3125 -6.5" hidden="0" template="basic_dark"/>
	<box size="0.5 0.1875 0.5" pos="0.5 0.1875 -6.5" hidden="0" template="basic_dark"/>
	<box size="0.5 3.625 0.5" pos="0.5 8.375 -6.5" hidden="0" template="basic_dark"/>
	<box size="0.5 0.5 0.0625" pos="1.5 1.75 -6.9375" hidden="0" template="basic_dark"/>
	<box size="0.5 0.5 0.0625" pos="-1.5 1.75 -6.9375" hidden="0" template="basic_dark"/>
	<box size="0.5 1.0 0.25" pos="-1.5 0.25 -6.875" hidden="0" template="basic_dark"/>
	<box size="0.5 1.0 0.25" pos="1.5 0.25 -6.875" hidden="0" template="basic_dark"/>
	<decal pos="0.0 1.25 -7.0" hidden="0" tile="-1" color=".7 .81 .86"/>
	<box size="0.25 0.5 0.25" pos="-0.75 2.75 -7.25" hidden="0" template="basic_dark"/>
	<box size="1.0 2.6875 0.25" pos="0.0 -2.4375 -7.25" hidden="0" template="basic_dark"/>
	<box size="11.5 8.4375 0.25" pos="-12.5 3.6875 -7.25" hidden="0" template="basic_dark"/>
	<box size="1.0 0.9375 0.25" pos="0.0 4.1875 -7.25" hidden="0" template="basic_dark"/>
	<box size="0.5 0.5 0.25" pos="0.0 2.75 -7.25" hidden="0" template="basic_dark"/>
	<box size="11.5 8.4375 0.25" pos="12.5 3.6875 -7.25" hidden="0" template="basic_dark"/>
	<box size="0.25 0.5 0.25" pos="0.75 2.75 -7.25" hidden="0" template="basic_dark"/>
	<obstacle pos="0.0 0.25 -7.5" hidden="0" type="doors/basic" param0="buttons=1"/>
	<box size="0.25 0.5 0.25" pos="-0.75 2.75 -7.75" hidden="0" template="basic_darker"/>
	<box size="1.0 4.5625 0.25" pos="-2.0 -0.1875 -7.75" hidden="0" template="basic_darker"/>
	<box size="1.0 0.9375 0.25" pos="0.0 4.1875 -7.75" hidden="0" template="basic_darker"/>
	<box size="0.5 0.5 0.25" pos="0.0 2.75 -7.75" hidden="0" template="basic_darker"/>
	<box size="1.0 2.5 4.0" pos="0.0 -2.5 -4.0" hidden="0" template="basic_dark" reflection="1"/>
	<box size="1.0 4.9375 0.25" pos="2.0 0.1875 -7.75" hidden="0" template="basic_darker"/>
	<box size="0.25 0.5 0.25" pos="0.75 2.75 -7.75" hidden="0" template="basic_darker"/>
	<box size="1.0 2.6875 0.25" pos="0.0 -2.3125 -7.75" hidden="0" template="basic_darker"/>
</segment>

