<segment size="12 10 8" template="basic_dark_s">
	<box size="0.0625 0.5 0.5" pos="2.9375 1.5 -0.5" hidden="0" template="basic_dark"/>
	<box size="0.125 0.5 0.5" pos="2.875 0.5 -0.5" hidden="0" template="basic_dark"/>
	<box size="0.0625 1.0 0.5" pos="2.9375 -1.0 -0.5" hidden="0" template="basic_dark"/>
	<box size="0.125 0.5 0.5" pos="-2.875 1.5 -1.5" hidden="0" template="basic_dark"/>
	<box size="1.0 2.5 1.0" pos="0.0 -2.5 -1.0" hidden="0" template="basic_dark" reflection="1"/>
	<box size="0.1875 0.5 0.5" pos="2.8125 1.5 -3.5" hidden="0" template="basic_dark"/>
	<box size="0.125 0.5 0.5" pos="2.875 2.5 -3.5" hidden="0" template="basic_dark"/>
	<box size="0.5 2.0 0.5" pos="0.0 -2.0 -3.5" hidden="0" template="basic_dark" reflection="1"/>
	<box size="0.0625 0.5 0.5" pos="-2.9375 0.5 -4.5" hidden="0" template="basic_dark"/>
	<box size="0.5 0.125 0.5" pos="0.5 0.125 -7.5" hidden="0" template="basic_dark"/>
	<box size="0.5 5.0 4.0" pos="-3.5 0.0 -4.0" hidden="0" template="basic_dark"/>
	<box size="0.5 0.125 0.5" pos="0.5 4.875 -7.5" hidden="0" template="basic_dark"/>
	<box size="0.5 0.1875 0.5" pos="-2.5 4.8125 -7.5" hidden="0" template="basic_dark"/>
	<box size="0.5 0.125 0.5" pos="2.5 4.875 -7.5" hidden="0" template="basic_dark"/>
	<box size="0.5 0.125 0.5" pos="-1.5 4.875 -7.5" hidden="0" template="basic_dark"/>
	<box size="0.5 0.0625 0.5" pos="1.5 4.9375 -7.5" hidden="0" template="basic_dark"/>
	<box size="0.5 2.6875 0.5" pos="2.5 -2.3125 -7.5" hidden="0" template="basic_dark"/>
	<box size="0.5 2.75 0.5" pos="-2.5 -2.25 -7.5" hidden="0" template="basic_dark"/>
	<box size="0.5 0.0625 0.5" pos="-0.5 0.0625 -7.5" hidden="0" template="basic_dark"/>
	<box size="0.5 5.0 4.0" pos="3.5 0.0 -4.0" hidden="0" template="basic_dark"/>
	<box size="0.5 2.5625 0.5" pos="1.5 -2.4375 -7.5" hidden="0" template="basic_dark"/>
	<box size="0.5 0.0625 0.5" pos="-0.5 4.9375 -7.5" hidden="0" template="basic_dark"/>
	<box size="0.5 2.625 0.5" pos="-1.5 -2.375 -7.5" hidden="0" template="basic_dark"/>
	<box size="4.0 0.5 4.0" pos="0.0 5.5 -4.0" hidden="0" template="basic_dark"/>
	<box size="1.0 2.5 1.5" pos="0.0 -2.5 -6.5" hidden="0" template="basic_dark" reflection="1"/>
</segment>

