<segment size="12 10 16" template="night_s">
	<decal pos="0.875 -4.20383 -1.625" hidden="0" tile="18" size="1 5" blend="0" color="1 1 1 .25"/>
	<box size="0.5 3.0 0.5" pos="5.0 -6.0 -1.5" hidden="0" template="night"/>
	<decal pos="-0.5 -4.32883 -2.375" hidden="0" tile="18" size="1 5" blend="0" color="1 1 1 .25"/>
	<box size="0.5 3.5 0.5" pos="-5.0 -5.5 -2.5" hidden="0" template="night"/>
	<box size="0.5 0.5 0.125" pos="2.0 8.5 -3.875" hidden="0" template="night"/>
	<box size="0.5 0.5 0.25" pos="-4.0 4.5 -3.75" hidden="0" template="night"/>
	<box size="0.5 0.5 0.125" pos="-1.0 8.5 -3.875" hidden="0" template="night"/>
	<box size="0.0625 0.5 0.5" pos="-1.4375 4.5 -4.5" hidden="0" template="night"/>
	<box size="0.5 4.5 0.5" pos="-1.0 12.5 -4.5" hidden="0" template="night"/>
	<box size="0.5 4.5 0.5" pos="2.0 12.5 -4.5" hidden="0" template="night"/>
	<box size="0.5 4.5 0.5" pos="5.0 11.5 -4.5" hidden="0" template="night"/>
	<box size="0.5 8.5 0.5" pos="-4.0 5.5 -4.5" hidden="0" template="night"/>
	<box size="0.5 0.5 0.5" pos="-3.0 4.5 -4.5" hidden="0" template="night"/>
	<box size="0.5 5.5 0.5" pos="-2.0 9.5 -4.5" hidden="0" template="night"/>
	<box size="0.5 3.5 0.5" pos="-3.0 -5.5 -4.5" hidden="0" template="night"/>
	<box size="0.5 9.0 0.5" pos="4.0 5.0 -4.5" hidden="0" template="night"/>
	<box size="1.0 0.5 0.5" pos="0.5 8.5 -4.5" hidden="0" template="night"/>
	<box size="0.0625 0.5 0.5" pos="-2.4375 -2.5 -4.5" hidden="0" template="night"/>
	<box size="0.5 3.0 0.5" pos="3.0 -6.0 -4.5" hidden="0" template="night"/>
	<box size="0.0625 0.5 0.5" pos="3.4375 -1.5 -4.5" hidden="0" template="night"/>
	<box size="0.0625 0.5 0.5" pos="2.4375 -3.5 -4.5" hidden="0" template="night"/>
	<obstacle pos="-0.275 0.63479 -5.5" hidden="0" template="night_glass" type="bar" param1="move=1" param2="speed=.25" param3="height=.2" param4="thickness=.01"/>
	<box size="6.0 4.5 0.5" pos="10.0 -3.5 -5.5" hidden="0" template="night"/>
	<box size="6.0 4.5 0.5" pos="-10.0 -3.5 -5.5" hidden="0" template="night"/>
	<box size="0.5 11.5 0.5" pos="-4.0 2.5 -6.5" hidden="0" template="night"/>
	<box size="0.5 11.5 0.5" pos="4.0 2.5 -6.5" hidden="0" template="night"/>
	<box size="0.25 4.5 0.5" pos="3.25 10.0 -6.5" hidden="0" template="night"/>
	<box size="0.5 2.75 0.25" pos="4.0 -5.25 -10.75" hidden="0" template="night"/>
	<box size="0.5 0.5 0.125" pos="1.0 7.5 -10.875" hidden="0" template="night"/>
	<box size="0.5 0.5 0.125" pos="-2.0 7.5 -10.875" hidden="0" template="night"/>
	<box size="0.5 11.5 0.5" pos="-4.0 2.5 -11.5" hidden="0" template="night"/>
	<box size="1.0 0.5 0.5" pos="-0.5 7.5 -11.5" hidden="0" template="night"/>
	<box size="0.5 11.5 0.5" pos="4.0 2.5 -11.5" hidden="0" template="night"/>
	<box size="0.5 4.5 0.5" pos="-2.0 11.5 -11.5" hidden="0" template="night"/>
	<box size="0.5 4.5 0.5" pos="5.0 11.5 -11.5" hidden="0" template="night"/>
	<box size="0.5 4.5 0.5" pos="1.0 11.5 -11.5" hidden="0" template="night"/>
	<obstacle pos="-0.275 0.63479 -12.5" hidden="0" template="night_glass" type="bar" param1="move=1" param2="speed=.25" param3="height=.2" param4="thickness=.01" param5="offset=1" mode="6"/>
	<box size="6.0 4.5 0.5" pos="-10.0 -3.5 -12.5" hidden="0" template="night"/>
	<box size="6.0 4.5 0.5" pos="10.0 -3.5 -12.5" hidden="0" template="night"/>
	<box size="0.25 4.5 0.5" pos="3.25 10.0 -13.5" hidden="0" template="night"/>
	<box size="0.5 11.5 0.5" pos="4.0 2.5 -13.5" hidden="0" template="night"/>
	<box size="0.5 11.5 0.5" pos="-4.0 2.5 -13.5" hidden="0" template="night"/>
	<box size="5.5 6.5 8.0" pos="10.5 7.5 -8.0" hidden="0" template="night"/>
	<box size="5.5 4.0 8.0" pos="10.5 -4.0 -8.0" hidden="0" template="night"/>
	<box size="5.5 6.5 8.0" pos="-10.5 7.5 -8.0" hidden="0" template="night"/>
	<box size="5.5 4.0 8.0" pos="-10.5 -4.0 -8.0" hidden="0" template="night"/>
</segment>

