<segment size="12 10 16" template="night_s">
	<box size="1.0 0.5 0.25" pos="0.25 4.5 -1.75" hidden="0" template="night"/>
	<box size="1.0 0.5 0.25" pos="0.25 -2.5 -1.75" hidden="0" template="night"/>
	<obstacle pos="0.225 0.88479 -2.5" hidden="0" template="night_glass" type="dna" rot="0 0 1.57"/>
	<box size="0.25 0.5 0.5" pos="1.0 -2.5 -2.5" hidden="0" template="night"/>
	<box size="0.25 0.5 0.5" pos="-0.5 4.5 -2.5" hidden="0" template="night"/>
	<box size="0.25 0.5 0.5" pos="1.0 4.5 -2.5" hidden="0" template="night"/>
	<box size="0.25 0.5 0.5" pos="-0.5 -2.5 -2.5" hidden="0" template="night"/>
	<box size="0.5 5.9375 0.375" pos="-2.25 -9.0625 -2.875" hidden="0" template="night"/>
	<decal pos="2.5 -4.22561 -3.25" hidden="0" tile="10" size=".75 6"/>
	<box size="0.5 5.9375 1.0" pos="-3.25 11.0625 -2.5" hidden="0" template="night"/>
	<box size="1.0 6.0 1.0" pos="0.25 -9.0 -2.5" hidden="0" template="night"/>
	<box size="1.0 0.5 0.25" pos="0.25 4.5 -3.25" hidden="0" template="night"/>
	<box size="1.0 6.0 1.0" pos="-5.75 -9.0 -2.5" hidden="0" template="night"/>
	<box size="1.0 0.5 0.25" pos="0.25 -2.5 -3.25" hidden="0" template="night"/>
	<box size="0.5 6.0 0.75" pos="-1.25 -9.0 -2.75" hidden="0" template="night"/>
	<box size="1.0 6.0 1.0" pos="0.25 11.0 -2.5" hidden="0" template="night"/>
	<box size="0.5 6.125 1.0" pos="-1.25 10.875 -2.5" hidden="0" template="night"/>
	<box size="0.5 6.0 1.0" pos="-4.25 11.0 -2.5" hidden="0" template="night"/>
	<box size="0.5 6.0 0.625" pos="-3.25 -9.0 -2.875" hidden="0" template="night"/>
	<box size="0.5 6.0 1.0" pos="-2.25 11.0 -2.5" hidden="0" template="night"/>
	<box size="0.5 6.0 1.125" pos="-4.25 -9.0 -2.625" hidden="0" template="night"/>
	<box size="0.5 11.5 0.5" pos="5.0 2.5 -5.5" hidden="0" template="night"/>
	<decal pos="2.625 -4.35061 -5.875" hidden="0" tile="10" size=".75 6" color="1 1 1 .5"/>
	<box size="0.5 11.5 0.5" pos="-5.0 2.5 -8.5" hidden="0" template="night"/>
	<decal pos="-2.75 -7.22561 -9.75" hidden="0" tile="10" size=".75 6"/>
	<box size="0.5 11.5 0.5" pos="5.0 2.5 -9.5" hidden="0" template="night"/>
	<decal pos="-3.0 -4.22561 -10.75" hidden="0" tile="10" size=".75 6"/>
	<box size="1.0 0.5 0.25" pos="0.75 -2.5 -12.75" hidden="0" template="night"/>
	<box size="1.0 0.5 0.25" pos="0.75 4.5 -12.75" hidden="0" template="night"/>
	<decal pos="-2.875 -4.35061 -13.375" hidden="0" tile="10" size=".75 6" color="1 1 1 .5"/>
	<obstacle pos="0.725 0.88479 -13.5" hidden="0" template="night_glass" type="dna" rot="3.14 0 1.57"/>
	<box size="0.25 0.5 0.5" pos="1.5 4.5 -13.5" hidden="0" template="night"/>
	<box size="0.25 0.5 0.5" pos="1.5 -2.5 -13.5" hidden="0" template="night"/>
	<box size="0.25 0.5 0.5" pos="0.0 4.5 -13.5" hidden="0" template="night"/>
	<box size="0.25 0.5 0.5" pos="0.0 -2.5 -13.5" hidden="0" template="night"/>
	<box size="0.5 5.9375 0.375" pos="3.25 -9.0625 -13.625" hidden="0" template="night"/>
	<box size="0.5 5.9375 0.5625" pos="2.25 -9.0625 -13.5625" hidden="0" template="night"/>
	<box size="1.0 6.0 1.0" pos="0.75 -9.0 -13.5" hidden="0" template="night"/>
	<box size="1.0 0.5 0.25" pos="0.75 -2.5 -14.25" hidden="0" template="night"/>
	<box size="0.5 6.0 0.875" pos="4.25 -9.0 -13.625" hidden="0" template="night"/>
	<box size="1.0 6.0625 1.0" pos="3.75 10.9375 -13.5" hidden="0" template="night"/>
	<box size="1.0 6.0 1.0" pos="0.75 11.0 -13.5" hidden="0" template="night"/>
	<box size="1.0 0.5 0.25" pos="0.75 4.5 -14.25" hidden="0" template="night"/>
	<box size="1.0 16.0 8.0" pos="5.75 1.0 -8.0" hidden="0" template="night"/>
	<box size="1.0 16.0 8.0" pos="-5.75 1.0 -8.0" hidden="0" template="night"/>
</segment>

