<segment size="12 10 16" template="night_s">
	<box size="0.5 4.5 0.5" pos="-4.5 -10.5 -0.5" hidden="0" template="night"/>
	<box size="0.5 11.5 0.5" pos="7.0 2.5 -1.0" hidden="0" template="night"/>
	<box size="0.5 11.5 0.5" pos="-7.0 2.5 -1.0" hidden="0" template="night"/>
	<box size="0.5 4.5 0.5" pos="-3.0 -4.5 -2.0" hidden="0" template="night"/>
	<box size="0.0625 0.5 0.5" pos="-2.4375 0.5 -2.0" hidden="0" template="night"/>
	<box size="0.5 11.5 0.5" pos="-6.0 2.5 -2.0" hidden="0" template="night"/>
	<box size="0.5 11.5 0.5" pos="6.0 2.5 -2.0" hidden="0" template="night"/>
	<box size="1.5 0.5 0.5" pos="-4.0 0.5 -2.0" hidden="0" template="night"/>
	<box size="0.5 3.5 0.25" pos="-4.0 -4.5 -3.75" hidden="0" template="night"/>
	<box size="0.5 4.5 0.5" pos="-2.5 12.5 -4.5" hidden="0" template="night"/>
	<box size="0.25 4.0 0.5" pos="6.75 8.5 -4.5" hidden="0" template="night"/>
	<box size="0.5 9.0 0.5" pos="4.0 5.0 -4.5" hidden="0" template="night"/>
	<box size="0.5 11.5 0.5" pos="-4.0 2.5 -4.5" hidden="0" template="night"/>
	<box size="0.25 4.5 0.5" pos="-6.75 8.0 -4.5" hidden="0" template="night"/>
	<box size="0.5 4.5 0.5" pos="5.0 11.5 -4.5" hidden="0" template="night"/>
	<box size="0.5 4.5 0.5" pos="3.0 -7.5 -4.5" hidden="0" template="night"/>
	<box size="0.5 3.625 0.25" pos="-2.5 -6.375 -4.75" hidden="0" template="night"/>
	<box size="0.5 3.75 0.25" pos="-3.5 -6.25 -4.75" hidden="0" template="night"/>
	<box size="0.5 3.625 0.25" pos="-0.5 -6.375 -4.75" hidden="0" template="night"/>
	<box size="0.5 3.5625 0.25" pos="-1.5 -6.4375 -4.75" hidden="0" template="night"/>
	<box size="0.5 3.5625 0.25" pos="0.5 -6.4375 -4.75" hidden="0" template="night"/>
	<box size="0.5 3.625 0.25" pos="1.5 -6.375 -4.75" hidden="0" template="night"/>
	<box size="0.5 3.6875 0.25" pos="2.5 -6.3125 -4.75" hidden="0" template="night"/>
	<box size="0.5 3.75 0.25" pos="4.5 -6.25 -4.75" hidden="0" template="night"/>
	<box size="0.5 4.5 0.5" pos="-5.0 8.0 -4.5" hidden="0" template="night"/>
	<box size="0.5 3.75 0.25" pos="3.5 -6.25 -4.75" hidden="0" template="night"/>
	<box size="0.125 0.5 0.5" pos="2.375 -3.5 -4.5" hidden="0" template="night"/>
	<obstacle pos="-0.275 0.63479 -5.5" hidden="0" template="night_glass" type="bar" param1="move=1" param2="speed=.25" param3="height=.2" param4="thickness=.01" rot="0 0 1.57" param5="offset=1" param6="maxwidth=20"/>
	<box size="0.5 0.5 0.5" pos="-4.5 -3.5 -5.5" hidden="0" template="night"/>
	<box size="0.5 0.5 0.5" pos="3.5 -3.5 -5.5" hidden="0" template="night"/>
	<box size="4.5 3.0 0.5" pos="-0.5 -7.0 -5.5" hidden="0" template="night"/>
	<box size="0.5625 4.5 0.5" pos="6.4375 8.0 -5.5" hidden="0" template="night"/>
	<box size="5.0 3.0 0.5" pos="0.0 12.0 -5.5" hidden="0" template="night"/>
	<box size="6.0 4.5 0.5" pos="-10.0 -3.5 -5.5" hidden="0" template="night"/>
	<box size="6.0 4.5 0.5" pos="10.0 -3.5 -5.5" hidden="0" template="night"/>
	<box size="0.5 3.75 0.25" pos="2.5 -6.25 -6.25" hidden="0" template="night"/>
	<box size="0.5 3.5625 0.25" pos="0.5 -6.4375 -6.25" hidden="0" template="night"/>
	<box size="0.5 3.6875 0.25" pos="1.5 -6.3125 -6.25" hidden="0" template="night"/>
	<box size="0.5 3.75 0.25" pos="3.5 -6.25 -6.25" hidden="0" template="night"/>
	<box size="0.5 3.75 0.25" pos="4.5 -6.25 -6.25" hidden="0" template="night"/>
	<box size="0.5 3.625 0.25" pos="-2.5 -6.375 -6.25" hidden="0" template="night"/>
	<box size="0.5 3.5625 0.25" pos="-1.5 -6.4375 -6.25" hidden="0" template="night"/>
	<box size="0.5 3.75 0.25" pos="-3.5 -6.25 -6.25" hidden="0" template="night"/>
	<box size="0.5 3.625 0.25" pos="-0.5 -6.375 -6.25" hidden="0" template="night"/>
	<box size="0.25 4.5 0.5" pos="3.25 10.0 -6.5" hidden="0" template="night"/>
	<box size="0.375 4.5 0.5" pos="6.625 8.0 -6.5" hidden="0" template="night"/>
	<box size="0.25 4.5 0.5" pos="-6.75 8.0 -6.5" hidden="0" template="night"/>
	<decal pos="1.0 -3.32883 -7.125" hidden="0" tile="18" size="1 4" blend="0" color="1 1 1 .25"/>
	<box size="0.5 11.5 0.5" pos="-4.0 2.5 -7.0" hidden="0" template="night"/>
	<box size="0.5 11.5 0.5" pos="4.0 2.5 -7.0" hidden="0" template="night"/>
	<box size="0.5 4.5 0.5" pos="-2.5 -8.5 -7.5" hidden="0" template="night"/>
	<box size="0.5 4.5 0.5" pos="-4.5 -10.5 -7.5" hidden="0" template="night"/>
	<decal pos="-0.25 -5.20383 -7.875" hidden="0" tile="18" size="1 5" blend="0" color="1 1 1 .25"/>
	<box size="0.25 4.5 0.5" pos="-6.75 8.0 -8.5" hidden="0" template="night"/>
	<box size="0.5 4.5 0.5" pos="-3.5 -9.5 -8.5" hidden="0" template="night"/>
	<box size="0.25 4.5 0.5" pos="6.75 8.0 -8.5" hidden="0" template="night"/>
	<box size="0.375 4.5 0.5" pos="-6.625 8.0 -9.5" hidden="0" template="night"/>
	<box size="0.375 4.5 0.5" pos="6.625 8.0 -9.5" hidden="0" template="night"/>
	<box size="0.5 3.5 0.25" pos="-4.0 -4.5 -10.75" hidden="0" template="night"/>
	<box size="0.5 2.75 0.25" pos="4.0 -5.25 -10.75" hidden="0" template="night"/>
	<box size="0.5 4.5 0.5" pos="-2.5 12.5 -11.5" hidden="0" template="night"/>
	<box size="0.25 4.5 0.5" pos="-6.75 8.0 -11.5" hidden="0" template="night"/>
	<box size="0.25 4.0 0.5" pos="6.75 8.5 -11.5" hidden="0" template="night"/>
	<box size="0.5 11.5 0.5" pos="4.0 2.5 -11.5" hidden="0" template="night"/>
	<box size="0.5 4.5 0.5" pos="-5.0 8.0 -11.5" hidden="0" template="night"/>
	<box size="0.5 4.5 0.5" pos="5.0 11.5 -11.5" hidden="0" template="night"/>
	<box size="0.5 11.5 0.5" pos="-4.0 2.5 -11.5" hidden="0" template="night"/>
	<box size="0.5 3.25 0.5" pos="3.0 -4.75 -11.5" hidden="0" template="night"/>
	<obstacle pos="-0.275 0.63479 -12.5" hidden="0" template="night_glass" type="bar" param1="move=1" param2="speed=.25" param3="height=.2" param4="thickness=.01" mode="6"/>
	<box size="6.0 4.5 0.5" pos="10.0 -3.5 -12.5" hidden="0" template="night"/>
	<box size="0.5 4.5 0.5" pos="0.5 -9.5 -12.5" hidden="0" template="night"/>
	<box size="6.0 4.5 0.5" pos="-10.0 -3.5 -12.5" hidden="0" template="night"/>
	<box size="0.5 11.5 0.5" pos="-4.0 2.5 -13.5" hidden="0" template="night"/>
	<box size="0.25 4.5 0.5" pos="3.25 10.0 -13.5" hidden="0" template="night"/>
	<box size="0.5 4.5 0.5" pos="-6.0 7.0 -13.5" hidden="0" template="night"/>
	<box size="0.5 4.5 0.5" pos="6.0 10.0 -13.5" hidden="0" template="night"/>
	<box size="0.5 11.5 0.5" pos="4.0 2.5 -13.5" hidden="0" template="night"/>
	<box size="4.5 6.0 8.0" pos="11.5 6.0 -8.0" hidden="0" template="night"/>
	<box size="5.5 4.0 8.0" pos="10.5 -4.0 -8.0" hidden="0" template="night"/>
	<box size="0.5 4.5 0.5" pos="2.5 -10.5 -15.5" hidden="0" template="night"/>
	<box size="0.5 4.5 0.5" pos="-0.5 -11.5 -15.5" hidden="0" template="night"/>
	<box size="5.5 4.0 8.0" pos="-10.5 -4.0 -8.0" hidden="0" template="night"/>
	<box size="4.5 6.0 8.0" pos="-11.5 6.0 -8.0" hidden="0" template="night"/>
</segment>

