<segment size="12 10 16" template="night_s">
	<box size="5.5 5.0 0.5" pos="-10.5 -5.0 -0.5" hidden="0" template="night"/>
	<box size="5.5 5.0 0.5" pos="10.5 -5.0 -0.5" hidden="0" template="night"/>
	<box size="0.5 11.5 0.5" pos="7.25 2.5 -1.0" hidden="0" template="night"/>
	<box size="5.375 5.0 0.5" pos="10.625 -5.0 -1.5" hidden="0" template="night"/>
	<box size="5.375 5.0 0.5" pos="-10.625 -5.0 -1.5" hidden="0" template="night"/>
	<box size="0.5 11.5 0.5" pos="-7.0 2.5 -2.0" hidden="0" template="night"/>
	<box size="5.1875 5.0 0.5" pos="10.8125 -5.0 -2.5" hidden="0" template="night"/>
	<box size="5.1875 5.0 0.5" pos="-10.8125 -5.0 -2.5" hidden="0" template="night"/>
	<box size="0.5 11.5 0.5" pos="-7.0 2.5 -3.0" hidden="0" template="night"/>
	<box size="0.5 11.5 0.5" pos="7.0 2.5 -3.0" hidden="0" template="night"/>
	<box size="5.5 5.0 0.5" pos="-10.5 -5.0 -3.5" hidden="0" template="night"/>
	<box size="5.5 5.0 0.5" pos="10.5 -5.0 -3.5" hidden="0" template="night"/>
	<box size="0.5 11.5 0.5" pos="7.25 2.5 -4.0" hidden="0" template="night"/>
	<box size="5.4375 5.0 0.5" pos="-10.5625 -5.0 -4.5" hidden="0" template="night"/>
	<box size="5.4375 5.0 0.5" pos="10.5625 -5.0 -4.5" hidden="0" template="night"/>
	<box size="0.5 11.5 0.5" pos="7.0 2.5 -5.0" hidden="0" template="night"/>
	<box size="0.5 4.75 0.5" pos="-2.25 -6.25 -5.5" hidden="0" template="night"/>
	<box size="5.5 5.0 0.5" pos="-10.5 -5.0 -5.5" hidden="0" template="night"/>
	<box size="5.5 5.0 0.5" pos="10.5 -5.0 -5.5" hidden="0" template="night"/>
	<box size="0.5 11.5 0.5" pos="6.5 2.5 -6.0" hidden="0" template="night"/>
	<box size="0.5 5.75 0.5" pos="-1.75 -8.75 -6.0" hidden="0" template="night"/>
	<box size="0.5 5.5 0.5" pos="-2.25 -5.5 -6.5" hidden="0" template="night"/>
	<box size="5.3125 5.0 0.5" pos="10.6875 -5.0 -6.5" hidden="0" template="night"/>
	<box size="0.5 4.75 0.5" pos="2.25 -6.25 -6.5" hidden="0" template="night"/>
	<box size="5.3125 5.0 0.5" pos="-10.6875 -5.0 -6.5" hidden="0" template="night"/>
	<decal pos="0.625 -5.20383 -7.125" hidden="1" tile="18" size="1 5" blend="0" color="1 1 1 .25"/>
	<box size="0.5 5.75 0.5" pos="2.75 -9.75 -7.0" hidden="0" template="night"/>
	<box size="0.5 11.5 0.5" pos="-7.0 2.5 -7.0" hidden="0" template="night"/>
	<obstacle pos="2.25 0.00409 -7.5" hidden="0" template="night_st" type="scoretop"/>
	<box size="0.5 5.5 0.5" pos="2.25 -5.5 -7.5" hidden="0" template="night"/>
	<box size="5.375 5.0 0.5" pos="10.625 -5.0 -7.5" hidden="0" template="night"/>
	<box size="5.375 5.0 0.5" pos="-10.625 -5.0 -7.5" hidden="0" template="night"/>
	<box size="1.0 11.5 0.5" pos="-2.75 -0.5 -7.5" hidden="0" template="night"/>
	<box size="2.0 0.5 0.5" pos="-5.5 8.5 -7.5" hidden="0" template="night"/>
	<decal pos="-0.375 -4.57883 -7.875" hidden="1" tile="18" size="1 5" blend="0" color="1 1 1 .25"/>
	<box size="0.5 11.5 0.5" pos="7.0 2.5 -8.0" hidden="0" template="night"/>
	<box size="0.5 11.5 0.5" pos="5.0 2.5 -8.0" hidden="0" template="night"/>
	<box size="2.0 0.5 0.5" pos="5.5 8.5 -8.5" hidden="0" template="night"/>
	<box size="5.0625 5.0 0.5" pos="10.9375 -5.0 -8.5" hidden="0" template="night"/>
	<box size="5.0625 5.0 0.5" pos="-10.9375 -5.0 -8.5" hidden="0" template="night"/>
	<box size="1.0 11.5 0.5" pos="2.75 -0.5 -8.5" hidden="0" template="night"/>
	<obstacle pos="-0.25 0.75979 -9.25" hidden="0" template="night_glass" type="dna" rot="0 .5 -.75"/>
	<obstacle pos="-0.25 5.25979 -9.25" hidden="0" template="night_glass" type="dna" rot="0 .5 -.7" param1="segments=14"/>
	<obstacle pos="-0.25 -3.24021 -9.25" hidden="0" template="night_glass" type="dna" rot="0 .5 -.3"/>
	<box size="0.5 5.75 0.5" pos="1.75 -9.75 -9.0" hidden="0" template="night"/>
	<box size="5.1875 5.0 0.5" pos="-10.8125 -5.0 -9.5" hidden="0" template="night"/>
	<box size="5.1875 5.0 0.5" pos="10.8125 -5.0 -9.5" hidden="0" template="night"/>
	<box size="0.5 11.5 0.5" pos="-7.0 2.5 -10.0" hidden="0" template="night"/>
	<box size="5.375 5.0 0.5" pos="10.625 -5.0 -10.5" hidden="0" template="night"/>
	<box size="5.375 5.0 0.5" pos="-10.625 -5.0 -10.5" hidden="0" template="night"/>
	<box size="1.0 11.5 0.5" pos="-2.75 -0.5 -10.5" hidden="0" template="night"/>
	<box size="5.25 5.0 0.5" pos="-10.75 -5.0 -11.5" hidden="0" template="night"/>
	<box size="5.25 5.0 0.5" pos="10.75 -5.0 -11.5" hidden="0" template="night"/>
	<box size="1.0 11.5 0.5" pos="2.75 -0.5 -11.5" hidden="0" template="night"/>
	<box size="5.5 5.0 0.5" pos="-10.5 -5.0 -12.5" hidden="0" template="night"/>
	<box size="5.5 5.0 0.5" pos="10.5 -5.0 -12.5" hidden="0" template="night"/>
	<box size="0.5 11.5 0.5" pos="-5.0 2.5 -13.0" hidden="0" template="night"/>
	<box size="0.5 11.5 0.5" pos="-7.0 2.5 -13.0" hidden="0" template="night"/>
	<box size="5.5 5.0 0.5" pos="-10.5 -5.0 -13.5" hidden="0" template="night"/>
	<box size="5.5 5.0 0.5" pos="10.5 -5.0 -13.5" hidden="0" template="night"/>
	<box size="5.1875 5.0 0.5" pos="-10.8125 -5.0 -14.5" hidden="0" template="night"/>
	<box size="5.1875 5.0 0.5" pos="10.8125 -5.0 -14.5" hidden="0" template="night"/>
	<box size="4.5 6.0 8.0" pos="11.5 6.0 -8.0" hidden="0" template="night"/>
	<box size="5.375 5.0 0.5" pos="10.625 -5.0 -15.5" hidden="0" template="night"/>
	<box size="5.375 5.0 0.5" pos="-10.625 -5.0 -15.5" hidden="0" template="night"/>
	<box size="4.5 6.0 8.0" pos="-11.5 6.0 -8.0" hidden="0" template="night"/>
</segment>

