<segment size="12 10 16" template="night_s">
	<box size="0.5 3.25 0.5" pos="-1.0 -6.75 -0.375" hidden="0" template="night"/>
	<box size="5.5 5.0 0.5" pos="10.5 -5.0 -0.5" hidden="0" template="night"/>
	<box size="5.5 5.0 0.5" pos="-10.5 -5.0 -0.5" hidden="0" template="night"/>
	<box size="0.5 3.25 0.5" pos="1.0 -6.75 -1.375" hidden="0" template="night"/>
	<box size="5.375 5.0 0.5" pos="10.625 -5.0 -1.5" hidden="0" template="night"/>
	<box size="5.375 5.0 0.5" pos="-10.625 -5.0 -1.5" hidden="0" template="night"/>
	<box size="0.5 3.75 0.5" pos="0.0 -6.25 -1.625" hidden="0" template="night"/>
	<box size="0.5 11.5 0.5" pos="-7.0 2.5 -2.0" hidden="0" template="night"/>
	<box size="0.5 2.375 0.5" pos="-1.0 -4.625 -2.0" hidden="0" template="night"/>
	<box size="0.5 11.5 0.5" pos="7.0 2.5 -2.0" hidden="0" template="night"/>
	<box size="5.1875 5.0 0.5" pos="-10.8125 -5.0 -2.5" hidden="0" template="night"/>
	<box size="5.1875 5.0 0.5" pos="10.8125 -5.0 -2.5" hidden="0" template="night"/>
	<box size="0.5 11.5 0.5" pos="-7.0 2.5 -3.0" hidden="0" template="night"/>
	<box size="0.5 2.5 0.5" pos="1.0 -4.5 -3.0" hidden="0" template="night"/>
	<box size="0.5 11.5 0.5" pos="7.0 2.5 -3.0" hidden="0" template="night"/>
	<box size="0.5 4.25 0.5" pos="-2.5 -6.625 -3.25" hidden="0" template="night"/>
	<box size="5.5 5.0 0.5" pos="-10.5 -5.0 -3.5" hidden="0" template="night"/>
	<box size="5.5 5.0 0.5" pos="10.5 -5.0 -3.5" hidden="0" template="night"/>
	<box size="0.5 2.625 0.5" pos="0.0 -4.375 -3.75" hidden="0" template="night"/>
	<box size="0.5 2.75 0.5" pos="-1.0 -4.25 -4.0" hidden="0" template="night"/>
	<box size="0.5 2.75 0.5" pos="1.0 -4.25 -4.0" hidden="0" template="night"/>
	<box size="5.4375 5.0 0.5" pos="-10.5625 -5.0 -4.5" hidden="0" template="night"/>
	<box size="5.4375 5.0 0.5" pos="10.5625 -5.0 -4.5" hidden="0" template="night"/>
	<box size="0.5 2.9375 0.5" pos="-1.0 -4.0625 -5.0" hidden="0" template="night"/>
	<box size="0.5 2.9375 0.5" pos="1.0 -4.0625 -5.0" hidden="0" template="night"/>
	<box size="0.5 2.875 0.5" pos="0.0 -4.125 -5.0" hidden="0" template="night"/>
	<box size="0.5 4.0625 0.5" pos="2.5 -6.8125 -5.25" hidden="0" template="night"/>
	<box size="5.5 5.0 0.5" pos="10.5 -5.0 -5.5" hidden="0" template="night"/>
	<box size="5.5 5.0 0.5" pos="-10.5 -5.0 -5.5" hidden="0" template="night"/>
	<obstacle pos="1.0 -0.86641 -6.0" hidden="0" template="night_st" type="scoretop" mode="3"/>
	<obstacle pos="-1.0 -0.86641 -6.0" hidden="0" template="night_st" type="scoretop" mode="3"/>
	<box size="0.5 0.0625 0.5" pos="-1.0 -0.9375 -6.0" hidden="0" template="night"/>
	<box size="0.5 0.0625 0.5" pos="1.0 -0.9375 -6.0" hidden="0" template="night"/>
	<box size="0.5 4.625 0.5" pos="-2.5 -6.25 -6.25" hidden="0" template="night"/>
	<box size="5.3125 5.0 0.5" pos="-10.6875 -5.0 -6.5" hidden="0" template="night"/>
	<box size="4.0 0.5 0.5" pos="0.0 6.0 -6.5" hidden="0" template="night"/>
	<box size="5.3125 5.0 0.5" pos="10.6875 -5.0 -6.5" hidden="0" template="night"/>
	<box size="0.5 11.5 0.5" pos="7.0 2.5 -7.0" hidden="0" template="night"/>
	<box size="0.5 11.5 0.5" pos="-7.0 2.5 -7.0" hidden="0" template="night"/>
	<box size="0.5 4.75 0.5" pos="2.5 -6.125 -7.25" hidden="0" template="night"/>
	<box size="5.375 5.0 0.5" pos="-10.625 -5.0 -7.5" hidden="0" template="night"/>
	<box size="5.375 5.0 0.5" pos="10.625 -5.0 -7.5" hidden="0" template="night"/>
	<box size="0.5 4.875 0.5" pos="-2.5 -6.0 -8.0" hidden="0" template="night"/>
	<box size="5.0625 5.0 0.5" pos="-10.9375 -5.0 -8.5" hidden="0" template="night"/>
	<box size="0.5 5.0625 0.5" pos="2.5 -5.8125 -8.5" hidden="0" template="night"/>
	<box size="5.0625 5.0 0.5" pos="10.9375 -5.0 -8.5" hidden="0" template="night"/>
	<obstacle pos="-1.0 -0.86641 -9.0" hidden="0" template="night_st" type="scoretop" mode="3"/>
	<obstacle pos="1.0 -0.86641 -9.0" hidden="0" template="night_st" type="scoretop" mode="3"/>
	<box size="0.5 0.0625 0.5" pos="1.0 -0.9375 -9.0" hidden="0" template="night"/>
	<box size="0.5 0.0625 0.5" pos="-1.0 -0.9375 -9.0" hidden="0" template="night"/>
	<box size="0.5 5.25 0.5" pos="2.5 -5.625 -9.5" hidden="0" template="night"/>
	<box size="0.5 5.125 0.5" pos="-2.5 -5.75 -9.5" hidden="0" template="night"/>
	<box size="5.1875 5.0 0.5" pos="10.8125 -5.0 -9.5" hidden="0" template="night"/>
	<box size="5.1875 5.0 0.5" pos="-10.8125 -5.0 -9.5" hidden="0" template="night"/>
	<box size="0.5 11.5 0.5" pos="-7.0 2.5 -10.0" hidden="0" template="night"/>
	<box size="0.5 11.5 0.5" pos="7.0 2.5 -10.0" hidden="0" template="night"/>
	<box size="0.5 5.1875 0.5" pos="-2.5 -5.6875 -10.5" hidden="0" template="night"/>
	<box size="5.375 5.0 0.5" pos="10.625 -5.0 -10.5" hidden="0" template="night"/>
	<box size="0.5 5.3125 0.5" pos="2.5 -5.5625 -10.5" hidden="0" template="night"/>
	<box size="5.375 5.0 0.5" pos="-10.625 -5.0 -10.5" hidden="0" template="night"/>
	<box size="0.5 5.3125 0.5" pos="-2.5 -5.5625 -11.5" hidden="0" template="night"/>
	<box size="5.25 5.0 0.5" pos="-10.75 -5.0 -11.5" hidden="0" template="night"/>
	<box size="5.25 5.0 0.5" pos="10.75 -5.0 -11.5" hidden="0" template="night"/>
	<box size="0.5 5.375 0.5" pos="2.5 -5.5 -11.5" hidden="0" template="night"/>
	<obstacle pos="1.0 -0.86641 -12.0" hidden="0" template="night_st" type="scoretop"/>
	<obstacle pos="-1.0 -0.86641 -12.0" hidden="0" template="night_st" type="scoretop"/>
	<box size="1.5 3.0 3.5" pos="0.0 -4.0 -9.0" hidden="0" template="night"/>
	<box size="0.5 0.0625 0.5" pos="-1.0 -0.9375 -12.0" hidden="0" template="night"/>
	<box size="0.5 0.0625 0.5" pos="1.0 -0.9375 -12.0" hidden="0" template="night"/>
	<box size="5.5 5.0 0.5" pos="-10.5 -5.0 -12.5" hidden="0" template="night"/>
	<box size="0.5 5.4375 0.5" pos="-2.5 -5.4375 -12.5" hidden="0" template="night"/>
	<box size="5.5 5.0 0.5" pos="10.5 -5.0 -12.5" hidden="0" template="night"/>
	<box size="0.5 5.4375 0.5" pos="2.5 -5.4375 -12.5" hidden="0" template="night"/>
	<box size="0.5 11.5 0.5" pos="-7.0 2.5 -13.0" hidden="0" template="night"/>
	<box size="0.5 11.5 0.5" pos="7.0 2.5 -13.0" hidden="0" template="night"/>
	<box size="0.5 5.5 0.5" pos="2.5 -5.375 -13.5" hidden="0" template="night"/>
	<box size="0.5 5.5 0.5" pos="-2.5 -5.375 -13.5" hidden="0" template="night"/>
	<box size="0.5 5.5 0.5" pos="-1.5 -5.375 -13.5" hidden="0" template="night"/>
	<box size="0.5 5.5 0.5" pos="1.5 -5.375 -13.5" hidden="0" template="night"/>
	<box size="5.5 5.0 0.5" pos="-10.5 -5.0 -13.5" hidden="0" template="night"/>
	<box size="5.5 5.0 0.5" pos="10.5 -5.0 -13.5" hidden="0" template="night"/>
	<box size="0.5 5.4375 0.5" pos="0.5 -5.4375 -13.5" hidden="0" template="night"/>
	<box size="0.5 5.3125 0.5" pos="-0.5 -5.5625 -13.5" hidden="0" template="night"/>
	<box size="0.5 11.5 0.5625" pos="-1.5 0.625 -14.4375" hidden="0" template="night"/>
	<box size="0.5 11.5 0.125" pos="3.5 0.625 -14.875" hidden="0" template="night"/>
	<box size="1.0 5.5 0.5" pos="0.0 -5.375 -14.5" hidden="0" template="night"/>
	<box size="0.5 0.5 0.375" pos="0.0 2.625 -14.625" hidden="0" template="night"/>
	<box size="0.5 11.5 0.1875" pos="-3.5 0.625 -14.8125" hidden="0" template="night"/>
	<box size="4.5 6.0 7.5" pos="11.5 6.0 -7.5" hidden="0" template="night"/>
	<box size="5.1875 5.0 0.5" pos="-10.8125 -5.0 -14.5" hidden="0" template="night"/>
	<box size="0.5 11.5 0.5625" pos="1.5 0.625 -14.4375" hidden="0" template="night"/>
	<box size="4.5 6.0 7.5" pos="-11.5 6.0 -7.5" hidden="0" template="night"/>
	<box size="5.1875 5.0 0.5" pos="10.8125 -5.0 -14.5" hidden="0" template="night"/>
	<decal pos="0.0 1.16444 -15.0" hidden="0" tile="-2" color=".125 .165 .2" size="1.0 1.0 0.0"/>
	<obstacle pos="0.0 0.125 -15.5" hidden="0" type="doors/basic" param0="buttons=1"/>
	<box size="1.0 5.5 0.5625" pos="0.0 -5.375 -15.4375" hidden="0" template="night"/>
	<box size="1.0 5.0 0.5" pos="0.0 7.125 -15.5" hidden="0" template="night"/>
	<box size="9.5 11.5 0.5" pos="10.5 0.625 -15.5" hidden="0" template="night"/>
	<box size="9.5 11.5 0.5" pos="-10.5 0.625 -15.5" hidden="0" template="night"/>
</segment>

