<segment size="12 10 16" template="night_s">
	<box size="5.5 5.0 0.5" pos="-9.5 -5.0 -0.5" hidden="0" template="night"/>
	<box size="5.5 5.0 0.5" pos="9.5 -5.0 -0.5" hidden="0" template="night"/>
	<box size="5.375 5.0 0.5" pos="-9.625 -5.0 -1.5" hidden="0" template="night"/>
	<box size="5.375 5.0 0.5" pos="9.625 -5.0 -1.5" hidden="0" template="night"/>
	<box size="0.5 11.5 0.5" pos="-6.0 2.5 -2.0" hidden="0" template="night"/>
	<box size="0.5 11.5 0.5" pos="6.0 2.5 -2.0" hidden="0" template="night"/>
	<box size="5.1875 5.0 0.5" pos="9.8125 -5.0 -2.5" hidden="0" template="night"/>
	<box size="5.1875 5.0 0.5" pos="-9.8125 -5.0 -2.5" hidden="0" template="night"/>
	<box size="0.5 11.5 0.5" pos="-6.0 2.5 -3.0" hidden="0" template="night"/>
	<box size="0.5 11.5 0.5" pos="6.0 2.5 -3.0" hidden="0" template="night"/>
	<box size="5.5 5.0 0.5" pos="-9.5 -5.0 -3.5" hidden="0" template="night"/>
	<box size="0.5 4.0 0.5" pos="3.375 -5.75 -3.5" hidden="0" template="night"/>
	<box size="5.5 5.0 0.5" pos="9.5 -5.0 -3.5" hidden="0" template="night"/>
	<obstacle pos="0.0 -1.99092 -4.0" hidden="0" template="night_st" type="scoretop" mode="3"/>
	<obstacle pos="-1.375 -1.99092 -4.0" hidden="0" template="night_st" type="scoretop" mode="3"/>
	<obstacle pos="1.375 -1.99092 -4.0" hidden="0" template="night_st" type="scoretop" mode="3"/>
	<box size="0.5 4.0 0.5" pos="0.0 -6.0 -4.0" hidden="0" template="night"/>
	<box size="0.5 4.0 0.5" pos="-1.375 -6.0 -4.0" hidden="0" template="night"/>
	<box size="0.5 4.0 0.5" pos="1.375 -6.0 -4.0" hidden="0" template="night"/>
	<box size="0.5 4.0 0.5" pos="-3.375 -6.5 -4.125" hidden="0" template="night"/>
	<box size="0.5 4.0 0.3125" pos="3.5 -5.0 -4.6875" hidden="0" template="night"/>
	<box size="0.5 4.0 0.125" pos="2.5 -5.0 -4.875" hidden="0" template="night"/>
	<box size="5.4375 5.0 0.5" pos="-9.5625 -5.0 -4.5" hidden="0" template="night"/>
	<box size="0.5 4.0 0.5" pos="-4.5 6.0 -4.5" hidden="0" template="night"/>
	<box size="0.5 4.0 0.125" pos="-2.5 8.0 -4.875" hidden="0" template="night"/>
	<box size="0.5 4.0 0.125" pos="-0.5 7.0 -4.875" hidden="0" template="night"/>
	<box size="0.5 4.0 0.5" pos="4.5 7.0 -4.5" hidden="0" template="night"/>
	<box size="0.5 4.0 0.3125" pos="3.5 6.5 -4.6875" hidden="0" template="night"/>
	<box size="0.5 4.0 0.125" pos="2.5 7.0 -4.875" hidden="0" template="night"/>
	<box size="0.5 0.5 0.25" pos="2.5 0.5 -4.75" hidden="0" template="night"/>
	<box size="0.5 0.5 0.125" pos="-2.5 1.5 -4.875" hidden="0" template="night"/>
	<box size="5.4375 5.0 0.5" pos="9.5625 -5.0 -4.5" hidden="0" template="night"/>
	<box size="0.5 4.0 0.125" pos="-2.5 -5.0 -4.875" hidden="0" template="night"/>
	<box size="0.5 4.0 0.125" pos="-3.5 -5.0 -4.875" hidden="0" template="night"/>
	<box size="0.5 4.0 0.5" pos="-4.5 -5.0 -4.5" hidden="0" template="night"/>
	<box size="0.5 4.0 0.125" pos="-0.5 -5.0 -4.875" hidden="0" template="night"/>
	<box size="0.5 4.0 0.5" pos="4.5 -5.0 -4.5" hidden="0" template="night"/>
	<box size="7.0 4.0 0.5" pos="0.0 -5.0 -5.5" hidden="0" template="night"/>
	<box size="0.5 0.0625 0.5" pos="-0.5 -0.9375 -5.5" hidden="0" template="night"/>
	<box size="0.5 0.1875 0.5" pos="-1.5 -0.8125 -5.5" hidden="0" template="night"/>
	<box size="7.0 4.0 0.5" pos="0.0 7.0 -5.5" hidden="0" template="night"/>
	<box size="2.5 2.0 0.5" pos="4.5 1.0 -5.5" hidden="0" template="night"/>
	<box size="0.5 0.1875 0.5" pos="-1.5 2.8125 -5.5" hidden="0" template="night"/>
	<box size="5.5 5.0 0.5" pos="-9.5 -5.0 -5.5" hidden="0" template="night"/>
	<box size="2.5 2.0 0.5" pos="-4.5 1.0 -5.5" hidden="0" template="night"/>
	<box size="5.5 5.0 0.5" pos="9.5 -5.0 -5.5" hidden="0" template="night"/>
	<box size="0.5 0.125 0.5" pos="-0.5 2.875 -5.5" hidden="0" template="night"/>
	<box size="0.5 0.0625 0.5" pos="0.5 2.9375 -5.5" hidden="0" template="night"/>
	<box size="0.5 0.125 0.5" pos="1.5 2.875 -5.5" hidden="0" template="night"/>
	<box size="0.5 0.1875 0.5" pos="1.5 -0.8125 -5.5" hidden="0" template="night"/>
	<box size="0.5 0.125 0.5" pos="0.5 -0.875 -5.5" hidden="0" template="night"/>
	<decal pos="-1.625 0.02439 -6.49" hidden="0" tile="10" size="1 1.5" color="1 1 1 .2"/>
	<decal pos="0.5 -0.47561 -6.49" hidden="0" tile="10" size="2 .75" color="1 1 1 .15"/>
	<decal pos="1.5 -0.22561 -6.49" hidden="0" tile="10" size="1 .7" color="1 1 1 .2"/>
	<box size="5.3125 5.0 0.5" pos="9.6875 -5.0 -6.5" hidden="0" template="night"/>
	<box size="5.3125 5.0 0.5" pos="-9.6875 -5.0 -6.5" hidden="0" template="night"/>
	<box size="0.5 11.5 0.5" pos="-6.0 2.5 -7.0" hidden="0" template="night"/>
	<box size="0.5 11.5 0.5" pos="6.0 2.5 -7.0" hidden="0" template="night"/>
	<obstacle pos="0.0 4.02278 -7.5" hidden="0" type="elevatorgrid" param1="color=.3 .32 .35" template="cave2" param0="thickness=4" param2="rows=5" param3="cols=1" param4="amplitude=.5" param5="frequency=.5" rot="0 0 3.14" param6="separation=0"/>
	<obstacle pos="0.0 -1.97722 -7.5" hidden="0" type="elevatorgrid" param1="color=.3 .32 .35" template="cave2" param0="thickness=4" param2="rows=5" param3="cols=1" param4="amplitude=.5" param5="frequency=.5" param6="separation=0"/>
	<box size="5.375 5.0 0.5" pos="9.625 -5.0 -7.5" hidden="0" template="night"/>
	<box size="5.375 5.0 0.5" pos="-9.625 -5.0 -7.5" hidden="0" template="night"/>
	<box size="5.0625 5.0 0.5" pos="9.9375 -5.0 -8.5" hidden="0" template="night"/>
	<box size="5.0625 5.0 0.5" pos="-9.9375 -5.0 -8.5" hidden="0" template="night"/>
	<obstacle pos="3.0 1.27278 -9.5" hidden="0" type="elevatorgrid" param1="color=.3 .32 .35" template="cave2" param0="thickness=4" param2="rows=5" param3="cols=1" param4="amplitude=.5" param5="frequency=.5" rot="0 0 1.57" param6="separation=0"/>
	<obstacle pos="-3.0 1.27278 -9.5" hidden="0" type="elevatorgrid" param1="color=.3 .32 .35" template="cave2" param0="thickness=4" param2="rows=5" param3="cols=1" param4="amplitude=.5" param5="frequency=.5" rot="0 0 -1.57" param6="separation=0"/>
	<box size="5.1875 5.0 0.5" pos="-9.8125 -5.0 -9.5" hidden="0" template="night"/>
	<box size="5.1875 5.0 0.5" pos="9.8125 -5.0 -9.5" hidden="0" template="night"/>
	<box size="0.5 11.5 0.5" pos="6.0 2.5 -10.0" hidden="0" template="night"/>
	<box size="0.5 11.5 0.5" pos="-6.0 2.5 -10.0" hidden="0" template="night"/>
	<box size="5.375 5.0 0.5" pos="-9.625 -5.0 -10.5" hidden="0" template="night"/>
	<box size="5.375 5.0 0.5" pos="9.625 -5.0 -10.5" hidden="0" template="night"/>
	<box size="0.5 0.1875 0.5" pos="-1.5 2.8125 -11.5" hidden="0" template="night"/>
	<box size="5.25 5.0 0.5" pos="9.75 -5.0 -11.5" hidden="0" template="night"/>
	<box size="7.0 4.0 0.5" pos="0.0 -5.0 -11.5" hidden="0" template="night"/>
	<box size="0.5 0.0625 0.5" pos="0.5 2.9375 -11.5" hidden="0" template="night"/>
	<box size="7.0 4.0 0.5" pos="0.0 7.0 -11.5" hidden="0" template="night"/>
	<box size="0.5 0.1875 0.5" pos="1.5 -0.8125 -11.5" hidden="0" template="night"/>
	<box size="0.5 0.125 0.5" pos="1.5 2.875 -11.5" hidden="0" template="night"/>
	<box size="0.5 0.125 0.5" pos="0.5 -0.875 -11.5" hidden="0" template="night"/>
	<box size="5.25 5.0 0.5" pos="-9.75 -5.0 -11.5" hidden="0" template="night"/>
	<box size="0.5 0.0625 0.5" pos="-1.5 -0.9375 -11.5" hidden="0" template="night"/>
	<box size="5.5 5.0 0.5" pos="9.5 -5.0 -12.5" hidden="0" template="night"/>
	<box size="5.5 5.0 0.5" pos="-9.5 -5.0 -12.5" hidden="0" template="night"/>
	<box size="0.5 11.5 0.5" pos="4.0 2.5 -13.0" hidden="0" template="night"/>
	<box size="0.5 11.5 0.5" pos="6.0 2.5 -13.0" hidden="0" template="night"/>
	<box size="0.5 11.5 0.5" pos="-6.0 2.5 -13.0" hidden="0" template="night"/>
	<box size="0.5 11.5 0.5" pos="-4.0 2.5 -13.0" hidden="0" template="night"/>
	<box size="5.5 5.0 0.5" pos="-9.5 -5.0 -13.5" hidden="0" template="night"/>
	<box size="5.5 5.0 0.5" pos="9.5 -5.0 -13.5" hidden="0" template="night"/>
	<box size="5.1875 5.0 0.5" pos="9.8125 -5.0 -14.5" hidden="0" template="night"/>
	<box size="5.1875 5.0 0.5" pos="-9.8125 -5.0 -14.5" hidden="0" template="night"/>
	<box size="4.5 6.0 8.0" pos="-10.5 6.0 -8.0" hidden="0" template="night"/>
	<box size="5.375 5.0 0.5" pos="-9.625 -5.0 -15.5" hidden="0" template="night"/>
	<box size="4.5 6.0 8.0" pos="10.5 6.0 -8.0" hidden="0" template="night"/>
	<box size="5.375 5.0 0.5" pos="9.625 -5.0 -15.5" hidden="0" template="night"/>
</segment>

