<segment size="12 10 16" template="night_s">
	<box size="5.5 5.0 0.5" pos="-9.5 -5.0 -0.5" hidden="0" template="night"/>
	<box size="5.5 5.0 0.5" pos="9.5 -5.0 -0.5" hidden="0" template="night"/>
	<box size="5.375 5.0 0.5" pos="-9.625 -5.0 -1.5" hidden="0" template="night"/>
	<box size="5.375 5.0 0.5" pos="9.625 -5.0 -1.5" hidden="0" template="night"/>
	<box size="0.5 11.5 0.5" pos="6.0 2.5 -2.0" hidden="0" template="night"/>
	<box size="0.5 11.5 0.5" pos="-6.0 2.5 -2.0" hidden="0" template="night"/>
	<box size="5.1875 5.0 0.5" pos="-9.8125 -5.0 -2.5" hidden="0" template="night"/>
	<box size="5.1875 5.0 0.5" pos="9.8125 -5.0 -2.5" hidden="0" template="night"/>
	<box size="0.5 11.5 0.5" pos="-6.0 2.5 -3.0" hidden="0" template="night"/>
	<box size="0.5 11.5 0.5" pos="6.0 2.5 -3.0" hidden="0" template="night"/>
	<box size="5.5 5.0 0.5" pos="-9.5 -5.0 -3.5" hidden="0" template="night"/>
	<box size="5.5 5.0 0.5" pos="9.5 -5.0 -3.5" hidden="0" template="night"/>
	<box size="5.4375 5.0 0.5" pos="9.5625 -5.0 -4.5" hidden="0" template="night"/>
	<box size="5.4375 5.0 0.5" pos="-9.5625 -5.0 -4.5" hidden="0" template="night"/>
	<box size="5.5 5.0 0.5" pos="-9.5 -5.0 -5.5" hidden="0" template="night"/>
	<box size="5.5 5.0 0.5" pos="9.5 -5.0 -5.5" hidden="0" template="night"/>
	<box size="5.3125 5.0 0.5" pos="9.6875 -5.0 -6.5" hidden="0" template="night"/>
	<box size="5.3125 5.0 0.5" pos="-9.6875 -5.0 -6.5" hidden="0" template="night"/>
	<decal pos="0.625 -3.32883 -7.125" hidden="0" tile="18" size="1 4" blend="0" color="1 1 1 .25"/>
	<box size="0.5 11.5 0.5" pos="-6.0 2.5 -7.0" hidden="0" template="night"/>
	<box size="0.5 11.5 0.5" pos="6.0 2.5 -7.0" hidden="0" template="night"/>
	<box size="5.375 5.0 0.5" pos="-9.625 -5.0 -7.5" hidden="0" template="night"/>
	<box size="5.375 5.0 0.5" pos="9.625 -5.0 -7.5" hidden="0" template="night"/>
	<decal pos="-0.375 -2.95383 -7.875" hidden="0" tile="18" size="1 5" blend="0" color="1 1 1 .25"/>
	<box size="5.0625 5.0 0.5" pos="9.9375 -5.0 -8.5" hidden="0" template="night"/>
	<box size="5.0625 5.0 0.5" pos="-9.9375 -5.0 -8.5" hidden="0" template="night"/>
	<box size="5.1875 5.0 0.5" pos="9.8125 -5.0 -9.5" hidden="0" template="night"/>
	<box size="5.1875 5.0 0.5" pos="-9.8125 -5.0 -9.5" hidden="0" template="night"/>
	<box size="0.5 11.5 0.5" pos="-6.0 2.5 -10.0" hidden="0" template="night"/>
	<box size="0.5 11.5 0.5" pos="6.0 2.5 -10.0" hidden="0" template="night"/>
	<box size="5.375 5.0 0.5" pos="9.625 -5.0 -10.5" hidden="0" template="night"/>
	<box size="5.375 5.0 0.5" pos="-9.625 -5.0 -10.5" hidden="0" template="night"/>
	<box size="5.25 5.0 0.5" pos="9.75 -5.0 -11.5" hidden="0" template="night"/>
	<box size="5.25 5.0 0.5" pos="-9.75 -5.0 -11.5" hidden="0" template="night"/>
	<box size="5.5 5.0 0.5" pos="-9.5 -5.0 -12.5" hidden="0" template="night"/>
	<box size="5.5 5.0 0.5" pos="9.5 -5.0 -12.5" hidden="0" template="night"/>
	<box size="0.5 7.5 0.5" pos="4.0 -1.5 -13.0" hidden="0" template="night"/>
	<box size="0.5 11.5 0.5" pos="6.0 2.5 -13.0" hidden="0" template="night"/>
	<box size="0.5 0.125 0.5" pos="4.0 7.125 -13.0" hidden="0" template="night"/>
	<box size="0.5 0.125 0.5" pos="-4.0 7.125 -13.0" hidden="0" template="night"/>
	<box size="4.5 0.5 0.5" pos="0.0 6.5 -13.0" hidden="0" template="night"/>
	<box size="0.5 7.5 0.5" pos="-4.0 -1.5 -13.0" hidden="0" template="night"/>
	<box size="0.5 11.5 0.5" pos="-6.0 2.5 -13.0" hidden="0" template="night"/>
	<box size="5.5 5.0 0.5" pos="-9.5 -5.0 -13.5" hidden="0" template="night"/>
	<box size="5.5 5.0 0.5" pos="9.5 -5.0 -13.5" hidden="0" template="night"/>
	<box size="5.1875 5.0 0.5" pos="-9.8125 -5.0 -14.5" hidden="0" template="night"/>
	<box size="5.1875 5.0 0.5" pos="9.8125 -5.0 -14.5" hidden="0" template="night"/>
	<box size="5.375 5.0 0.5" pos="9.625 -5.0 -15.5" hidden="0" template="night"/>
	<box size="5.375 5.0 0.5" pos="-9.625 -5.0 -15.5" hidden="0" template="night"/>
	<box size="4.5 6.0 8.0" pos="10.5 6.0 -8.0" hidden="0" template="night"/>
	<box size="4.5 6.0 8.0" pos="-10.5 6.0 -8.0" hidden="0" template="night"/>
</segment>

