<segment size="12 10 8" template="basic_darker_s">
	<box size="0.5 0.0625 0.5" pos="-1.5 -1.9375 -0.5" hidden="0" template="night"/>
	<box size="0.5 0.0625 0.5" pos="4.5 -1.9375 -0.5" hidden="0" template="night"/>
	<box size="0.5 0.0625 0.5" pos="-6.5 -1.9375 -0.5" hidden="0" template="night"/>
	<box size="0.5 7.0 0.5" pos="-5.5 -9.0 -0.5" hidden="0" template="night"/>
	<box size="0.5 7.0 0.5" pos="5.5 -9.0 -0.5" hidden="0" template="night"/>
	<box size="1.0 7.0 0.5" pos="0.0 -9.0 -0.5" hidden="0" template="night"/>
	<box size="0.5 0.0625 0.5" pos="1.5 -1.9375 -1.5" hidden="0" template="night"/>
	<box size="0.5 7.0 1.0" pos="4.5 -9.0 -1.0" hidden="0" template="night"/>
	<box size="1.0 7.0 0.5" pos="3.0 -9.0 -1.5" hidden="0" template="night"/>
	<box size="0.5 7.0 1.0" pos="-6.5 -9.0 -1.0" hidden="0" template="night"/>
	<box size="0.5 7.0 1.0" pos="-1.5 -9.0 -1.0" hidden="0" template="night"/>
	<box size="0.5 0.0625 0.5" pos="3.5 -1.9375 -1.5" hidden="0" template="night"/>
	<box size="0.5 7.0 1.0" pos="1.5 -9.0 -1.0" hidden="0" template="night"/>
	<box size="0.5 0.125 0.5" pos="4.5 -1.875 -1.5" hidden="0" template="night"/>
	<box size="0.5 7.0 1.0" pos="-4.5 -9.0 -1.0" hidden="0" template="night"/>
	<box size="0.5 0.0625 0.5" pos="-4.5 -1.9375 -1.5" hidden="0" template="night"/>
	<box size="0.5 7.0 1.0" pos="6.5 -9.0 -1.0" hidden="0" template="night"/>
	<box size="1.0 7.0 0.5" pos="-3.0 -9.0 -1.5" hidden="0" template="night"/>
	<box size="0.5 0.0625 0.5" pos="6.5 -1.9375 -2.5" hidden="0" template="night"/>
	<box size="0.5 0.125 0.5" pos="-6.5 -1.875 -2.5" hidden="0" template="night"/>
	<box size="0.5 7.0 1.5" pos="-10.5 -9.0 -1.5" hidden="0" template="night"/>
	<box size="0.5 0.0625 0.5" pos="-7.5 -1.9375 -2.5" hidden="0" template="night"/>
	<box size="0.5 7.0 1.5" pos="10.5 -9.0 -1.5" hidden="0" template="night"/>
	<box size="2.0 7.0 0.5" pos="8.0 -9.0 -2.5" hidden="0" template="night"/>
	<box size="2.0 7.0 0.5" pos="-8.0 -9.0 -2.5" hidden="0" template="night"/>
	<box size="0.5 0.0625 0.5" pos="-1.5 -0.9375 -4.5" hidden="0" template="night"/>
	<box size="1.0 7.0 0.5" pos="0.0 -8.0 -4.5" hidden="0" template="night"/>
	<box size="0.5 7.0 0.5" pos="5.5 -8.0 -4.5" hidden="0" template="night"/>
	<box size="0.5 7.0 0.5" pos="-5.5 -8.0 -4.5" hidden="0" template="night"/>
	<box size="0.5 0.0625 0.5" pos="-6.5 -0.9375 -4.5" hidden="0" template="night"/>
	<box size="0.5 0.0625 0.5" pos="4.5 -0.9375 -4.5" hidden="0" template="night"/>
	<box size="0.5 0.5 0.3125" pos="0.5 -0.5 -5.6875" hidden="0" template="night"/>
	<box size="0.5 0.125 0.5" pos="4.5 -0.875 -5.5" hidden="0" template="night"/>
	<box size="0.5 7.0 1.0" pos="-4.5 -8.0 -5.0" hidden="0" template="night"/>
	<box size="0.5 0.0625 0.5" pos="1.5 -0.9375 -5.5" hidden="0" template="night"/>
	<box size="0.5 0.0625 0.5" pos="3.5 -0.9375 -5.5" hidden="0" template="night"/>
	<box size="0.5 7.0 1.0" pos="1.5 -8.0 -5.0" hidden="0" template="night"/>
	<box size="0.5 0.0625 0.5" pos="-4.5 -0.9375 -5.5" hidden="0" template="night"/>
	<box size="1.0 7.0 0.5" pos="-3.0 -8.0 -5.5" hidden="0" template="night"/>
	<box size="0.5 7.0 1.0" pos="6.5 -8.0 -5.0" hidden="0" template="night"/>
	<box size="0.5 7.0 1.0" pos="4.5 -8.0 -5.0" hidden="0" template="night"/>
	<box size="1.0 7.0 0.5" pos="3.0 -8.0 -5.5" hidden="0" template="night"/>
	<box size="0.5 7.0 1.0" pos="-6.5 -8.0 -5.0" hidden="0" template="night"/>
	<box size="0.5 7.0 1.0" pos="-1.5 -8.0 -5.0" hidden="0" template="night"/>
	<box size="0.5 0.5 0.1875" pos="-0.5 -0.5 -5.8125" hidden="0" template="night"/>
	<box size="0.5 0.5 0.0625" pos="-0.5 6.5 -6.4375" hidden="0" template="night"/>
	<box size="0.5 0.5 0.0625" pos="-0.5 4.5 -6.4375" hidden="0" template="night"/>
	<box size="0.5 0.5 0.125" pos="0.5 5.5 -6.375" hidden="0" template="night"/>
	<box size="0.5 0.5 0.1875" pos="-0.5 5.5 -6.3125" hidden="0" template="night"/>
	<box size="0.5 0.5 0.0625" pos="0.5 8.5 -6.4375" hidden="0" template="night"/>
	<decal pos="0.0 1.0 -6.5" hidden="0" tile="-2" color=".125 .165 .2" size="1.0 1.0 0.0"/>
	<box size="0.5 0.125 0.5" pos="-6.5 -0.875 -6.5" hidden="0" template="night"/>
	<box size="0.5 12.5 0.5" pos="1.5 1.5 -6.5" hidden="0" template="night"/>
	<box size="0.5 12.5 0.5" pos="-1.5 1.5 -6.5" hidden="0" template="night"/>
	<box size="0.5 7.0 1.5" pos="10.5 -8.0 -5.5" hidden="0" template="night"/>
	<box size="2.0 7.0 0.5" pos="8.0 -8.0 -6.5" hidden="0" template="night"/>
	<box size="2.0 7.0 0.5" pos="-8.0 -8.0 -6.5" hidden="0" template="night"/>
	<box size="0.5 0.0625 0.5" pos="6.5 -0.9375 -6.5" hidden="0" template="night"/>
	<box size="0.5 7.0 1.5" pos="-10.5 -8.0 -5.5" hidden="0" template="night"/>
	<box size="0.5 0.0625 0.5" pos="-7.5 -0.9375 -6.5" hidden="0" template="night"/>
	<obstacle pos="0.0 0.0 -7.0" hidden="0" type="doors/double" param0="buttons=1"/>
	<box size="11.0 12.5 0.5" pos="-12.0 1.5 -7.5" hidden="0" template="night"/>
	<box size="1.0 5.5 1.0" pos="0.0 -5.5 -7.0" hidden="0" template="night"/>
	<box size="1.0 6.0 0.75" pos="0.0 8.0 -7.25" hidden="0" template="night"/>
	<box size="11.0 12.5 0.5" pos="12.0 1.5 -7.5" hidden="0" template="night"/>
</segment>

