<segment size="12 10 32" template="night_s">
	<box size="1.0 7.0 0.5" pos="0.0 -9.0 -0.5" hidden="0" template="night"/>
	<box size="0.5 7.0 0.5" pos="5.5 -9.0 -0.5" hidden="0" template="night"/>
	<box size="0.5 7.0 0.5" pos="-5.5 -9.0 -0.5" hidden="0" template="night"/>
	<box size="0.5 0.0625 0.5" pos="-6.5 -1.9375 -0.5" hidden="0" template="night"/>
	<box size="0.5 0.0625 0.5" pos="4.5 -1.9375 -0.5" hidden="0" template="night"/>
	<box size="0.5 0.0625 0.5" pos="-1.5 -1.9375 -0.5" hidden="0" template="night"/>
	<box size="0.5 7.0 1.0" pos="-1.5 -9.0 -1.0" hidden="0" template="night"/>
	<box size="0.5 7.0 1.0" pos="-6.5 -9.0 -1.0" hidden="0" template="night"/>
	<box size="1.0 7.0 0.5" pos="3.0 -9.0 -1.5" hidden="0" template="night"/>
	<box size="0.5 7.0 1.0" pos="4.5 -9.0 -1.0" hidden="0" template="night"/>
	<box size="0.5 7.0 1.0" pos="6.5 -9.0 -1.0" hidden="0" template="night"/>
	<box size="1.0 7.0 0.5" pos="-3.0 -9.0 -1.5" hidden="0" template="night"/>
	<box size="0.5 0.0625 0.5" pos="-4.5 -1.9375 -1.5" hidden="0" template="night"/>
	<box size="0.5 7.0 1.0" pos="1.5 -9.0 -1.0" hidden="0" template="night"/>
	<box size="0.5 0.0625 0.5" pos="3.5 -1.9375 -1.5" hidden="0" template="night"/>
	<box size="0.5 0.0625 0.5" pos="1.5 -1.9375 -1.5" hidden="0" template="night"/>
	<box size="0.5 7.0 1.0" pos="-4.5 -9.0 -1.0" hidden="0" template="night"/>
	<box size="0.5 0.125 0.5" pos="4.5 -1.875 -1.5" hidden="0" template="night"/>
	<box size="0.5 7.0 1.5" pos="-10.5 -9.0 -1.5" hidden="0" template="night"/>
	<box size="0.5 0.0625 0.5" pos="-7.5 -1.9375 -2.5" hidden="0" template="night"/>
	<box size="0.5 7.0 1.5" pos="10.5 -9.0 -1.5" hidden="0" template="night"/>
	<box size="2.0 7.0 0.5" pos="8.0 -9.0 -2.5" hidden="0" template="night"/>
	<box size="2.0 7.0 0.5" pos="-8.0 -9.0 -2.5" hidden="0" template="night"/>
	<box size="0.5 0.0625 0.5" pos="6.5 -1.9375 -2.5" hidden="0" template="night"/>
	<box size="0.5 0.125 0.5" pos="-6.5 -1.875 -2.5" hidden="0" template="night"/>
	<box size="0.5 0.0625 0.5" pos="-1.5 -1.9375 -4.5" hidden="0" template="night"/>
	<box size="0.5 0.0625 0.5" pos="4.5 -1.9375 -4.5" hidden="0" template="night"/>
	<box size="0.5 0.0625 0.5" pos="-6.5 -1.9375 -4.5" hidden="0" template="night"/>
	<box size="0.5 7.0 0.5" pos="-5.5 -9.0 -4.5" hidden="0" template="night"/>
	<box size="1.0 7.0 0.5" pos="0.0 -9.0 -4.5" hidden="0" template="night"/>
	<box size="0.5 7.0 0.5" pos="5.5 -9.0 -4.5" hidden="0" template="night"/>
	<box size="0.5 0.0625 0.5" pos="1.5 -1.9375 -5.5" hidden="0" template="night"/>
	<box size="0.5 0.0625 0.5" pos="3.5 -1.9375 -5.5" hidden="0" template="night"/>
	<box size="0.5 0.125 0.5" pos="4.5 -1.875 -5.5" hidden="0" template="night"/>
	<box size="0.5 7.0 1.0" pos="-4.5 -9.0 -5.0" hidden="0" template="night"/>
	<box size="0.5 7.0 1.0" pos="-1.5 -9.0 -5.0" hidden="0" template="night"/>
	<box size="0.5 7.0 1.0" pos="-6.5 -9.0 -5.0" hidden="0" template="night"/>
	<box size="1.0 7.0 0.5" pos="3.0 -9.0 -5.5" hidden="0" template="night"/>
	<box size="0.5 7.0 1.0" pos="4.5 -9.0 -5.0" hidden="0" template="night"/>
	<box size="0.5 7.0 1.0" pos="6.5 -9.0 -5.0" hidden="0" template="night"/>
	<box size="1.0 7.0 0.5" pos="-3.0 -9.0 -5.5" hidden="0" template="night"/>
	<box size="0.5 0.0625 0.5" pos="-4.5 -1.9375 -5.5" hidden="0" template="night"/>
	<box size="0.5 7.0 1.0" pos="1.5 -9.0 -5.0" hidden="0" template="night"/>
	<box size="2.0 7.0 0.5" pos="-8.0 -9.0 -6.5" hidden="0" template="night"/>
	<box size="2.0 7.0 0.5" pos="8.0 -9.0 -6.5" hidden="0" template="night"/>
	<box size="0.5 0.125 0.5" pos="-6.5 -1.875 -6.5" hidden="0" template="night"/>
	<box size="0.5 0.0625 0.5" pos="6.5 -1.9375 -6.5" hidden="0" template="night"/>
	<box size="0.5 7.0 1.5" pos="-10.5 -9.0 -5.5" hidden="0" template="night"/>
	<box size="0.5 0.0625 0.5" pos="-7.5 -1.9375 -6.5" hidden="0" template="night"/>
	<box size="0.5 7.0 1.5" pos="10.5 -9.0 -5.5" hidden="0" template="night"/>
	<box size="0.5 0.0625 0.5" pos="-6.5 -1.9375 -8.5" hidden="0" template="night"/>
	<box size="0.5 7.0 0.5" pos="-5.5 -9.0 -8.5" hidden="0" template="night"/>
	<box size="0.5 0.0625 0.5" pos="-1.5 -1.9375 -8.5" hidden="0" template="night"/>
	<box size="0.5 0.0625 0.5" pos="4.5 -1.9375 -8.5" hidden="0" template="night"/>
	<box size="1.0 7.0 0.5" pos="0.0 -9.0 -8.5" hidden="0" template="night"/>
	<box size="0.5 7.0 0.5" pos="5.5 -9.0 -8.5" hidden="0" template="night"/>
	<box size="0.5 0.0625 0.5" pos="1.5 -1.9375 -9.5" hidden="0" template="night"/>
	<box size="0.5 0.0625 0.5" pos="3.5 -1.9375 -9.5" hidden="0" template="night"/>
	<box size="0.5 0.125 0.5" pos="4.5 -1.875 -9.5" hidden="0" template="night"/>
	<box size="0.5 7.0 1.0" pos="-4.5 -9.0 -9.0" hidden="0" template="night"/>
	<box size="0.5 7.0 1.0" pos="-1.5 -9.0 -9.0" hidden="0" template="night"/>
	<box size="0.5 7.0 1.0" pos="-6.5 -9.0 -9.0" hidden="0" template="night"/>
	<box size="1.0 7.0 0.5" pos="3.0 -9.0 -9.5" hidden="0" template="night"/>
	<box size="0.5 7.0 1.0" pos="4.5 -9.0 -9.0" hidden="0" template="night"/>
	<box size="0.5 7.0 1.0" pos="6.5 -9.0 -9.0" hidden="0" template="night"/>
	<box size="1.0 7.0 0.5" pos="-3.0 -9.0 -9.5" hidden="0" template="night"/>
	<box size="0.5 0.0625 0.5" pos="-4.5 -1.9375 -9.5" hidden="0" template="night"/>
	<box size="0.5 7.0 1.0" pos="1.5 -9.0 -9.0" hidden="0" template="night"/>
	<box size="2.0 7.0 0.5" pos="-8.0 -9.0 -10.5" hidden="0" template="night"/>
	<box size="2.0 7.0 0.5" pos="8.0 -9.0 -10.5" hidden="0" template="night"/>
	<box size="0.5 0.125 0.5" pos="-6.5 -1.875 -10.5" hidden="0" template="night"/>
	<box size="0.5 0.0625 0.5" pos="6.5 -1.9375 -10.5" hidden="0" template="night"/>
	<box size="0.5 7.0 1.5" pos="-10.5 -9.0 -9.5" hidden="0" template="night"/>
	<box size="0.5 0.0625 0.5" pos="-7.5 -1.9375 -10.5" hidden="0" template="night"/>
	<box size="0.5 7.0 1.5" pos="10.5 -9.0 -9.5" hidden="0" template="night"/>
	<box size="0.5 0.0625 0.5" pos="-6.5 -1.9375 -12.5" hidden="0" template="night"/>
	<box size="0.5 7.0 0.5" pos="-5.5 -9.0 -12.5" hidden="0" template="night"/>
	<box size="0.5 0.0625 0.5" pos="-1.5 -1.9375 -12.5" hidden="0" template="night"/>
	<box size="0.5 0.0625 0.5" pos="4.5 -1.9375 -12.5" hidden="0" template="night"/>
	<box size="1.0 7.0 0.5" pos="0.0 -9.0 -12.5" hidden="0" template="night"/>
	<box size="0.5 7.0 0.5" pos="5.5 -9.0 -12.5" hidden="0" template="night"/>
	<box size="0.5 0.0625 0.5" pos="1.5 -1.9375 -13.5" hidden="0" template="night"/>
	<box size="0.5 0.0625 0.5" pos="3.5 -1.9375 -13.5" hidden="0" template="night"/>
	<box size="0.5 0.125 0.5" pos="4.5 -1.875 -13.5" hidden="0" template="night"/>
	<box size="0.5 7.0 1.0" pos="-4.5 -9.0 -13.0" hidden="0" template="night"/>
	<box size="0.5 7.0 1.0" pos="-1.5 -9.0 -13.0" hidden="0" template="night"/>
	<box size="0.5 7.0 1.0" pos="-6.5 -9.0 -13.0" hidden="0" template="night"/>
	<box size="1.0 7.0 0.5" pos="3.0 -9.0 -13.5" hidden="0" template="night"/>
	<box size="0.5 7.0 1.0" pos="4.5 -9.0 -13.0" hidden="0" template="night"/>
	<box size="0.5 7.0 1.0" pos="6.5 -9.0 -13.0" hidden="0" template="night"/>
	<box size="1.0 7.0 0.5" pos="-3.0 -9.0 -13.5" hidden="0" template="night"/>
	<box size="0.5 0.0625 0.5" pos="-4.5 -1.9375 -13.5" hidden="0" template="night"/>
	<box size="0.5 7.0 1.0" pos="1.5 -9.0 -13.0" hidden="0" template="night"/>
	<obstacle pos="0.0 1.125 -14.5" hidden="0" type="boss/cube" param0="distance=13" param1="cycle=600" param2="attackDistance=2.5" param3="offset=0" param4="type=1" param5="color=.3 .6 .7"/>
	<obstacle pos="0.0 1.0 -14.5" hidden="0" type="fence/carousel" param7="metalcolor=.6 .65 .65" param1="distance=12" param2="obstacles=5" param3="radius=4" param4="width=1.5" param5="height=4" template="night_glass" param6="metal=false" param8="speed=.75"/>
	<box size="0.5 0.125 0.5" pos="-6.5 -1.875 -14.5" hidden="0" template="night"/>
	<box size="0.5 0.0625 0.5" pos="6.5 -1.9375 -14.5" hidden="0" template="night"/>
	<box size="0.5 7.0 1.5" pos="-10.5 -9.0 -13.5" hidden="0" template="night"/>
	<box size="0.5 0.0625 0.5" pos="-7.5 -1.9375 -14.5" hidden="0" template="night"/>
	<box size="0.5 7.0 1.5" pos="10.5 -9.0 -13.5" hidden="0" template="night"/>
	<box size="2.0 7.0 0.5" pos="8.0 -9.0 -14.5" hidden="0" template="night"/>
	<box size="2.0 7.0 0.5" pos="-8.0 -9.0 -14.5" hidden="0" template="night"/>
	<box size="0.5 0.0625 0.5" pos="-6.5 -1.9375 -16.5" hidden="0" template="night"/>
	<box size="0.5 7.0 0.5" pos="-5.5 -9.0 -16.5" hidden="0" template="night"/>
	<box size="0.5 0.0625 0.5" pos="-1.5 -1.9375 -16.5" hidden="0" template="night"/>
	<box size="0.5 0.0625 0.5" pos="4.5 -1.9375 -16.5" hidden="0" template="night"/>
	<box size="1.0 7.0 0.5" pos="0.0 -9.0 -16.5" hidden="0" template="night"/>
	<box size="0.5 7.0 0.5" pos="5.5 -9.0 -16.5" hidden="0" template="night"/>
	<box size="0.5 0.0625 0.5" pos="1.5 -1.9375 -17.5" hidden="0" template="night"/>
	<box size="0.5 0.0625 0.5" pos="3.5 -1.9375 -17.5" hidden="0" template="night"/>
	<box size="0.5 0.125 0.5" pos="4.5 -1.875 -17.5" hidden="0" template="night"/>
	<box size="0.5 7.0 1.0" pos="-4.5 -9.0 -17.0" hidden="0" template="night"/>
	<box size="0.5 7.0 1.0" pos="-1.5 -9.0 -17.0" hidden="0" template="night"/>
	<box size="0.5 7.0 1.0" pos="-6.5 -9.0 -17.0" hidden="0" template="night"/>
	<box size="1.0 7.0 0.5" pos="3.0 -9.0 -17.5" hidden="0" template="night"/>
	<box size="0.5 7.0 1.0" pos="4.5 -9.0 -17.0" hidden="0" template="night"/>
	<box size="0.5 7.0 1.0" pos="6.5 -9.0 -17.0" hidden="0" template="night"/>
	<box size="1.0 7.0 0.5" pos="-3.0 -9.0 -17.5" hidden="0" template="night"/>
	<box size="0.5 0.0625 0.5" pos="-4.5 -1.9375 -17.5" hidden="0" template="night"/>
	<box size="0.5 7.0 1.0" pos="1.5 -9.0 -17.0" hidden="0" template="night"/>
	<box size="2.0 7.0 0.5" pos="-8.0 -9.0 -18.5" hidden="0" template="night"/>
	<box size="2.0 7.0 0.5" pos="8.0 -9.0 -18.5" hidden="0" template="night"/>
	<box size="0.5 0.125 0.5" pos="-6.5 -1.875 -18.5" hidden="0" template="night"/>
	<box size="0.5 0.0625 0.5" pos="6.5 -1.9375 -18.5" hidden="0" template="night"/>
	<box size="0.5 7.0 1.5" pos="-10.5 -9.0 -17.5" hidden="0" template="night"/>
	<box size="0.5 0.0625 0.5" pos="-7.5 -1.9375 -18.5" hidden="0" template="night"/>
	<box size="0.5 7.0 1.5" pos="10.5 -9.0 -17.5" hidden="0" template="night"/>
	<box size="0.5 0.0625 0.5" pos="-6.5 -1.9375 -20.5" hidden="0" template="night"/>
	<box size="0.5 7.0 0.5" pos="-5.5 -9.0 -20.5" hidden="0" template="night"/>
	<box size="0.5 0.0625 0.5" pos="-1.5 -1.9375 -20.5" hidden="0" template="night"/>
	<box size="0.5 0.0625 0.5" pos="4.5 -1.9375 -20.5" hidden="0" template="night"/>
	<box size="1.0 7.0 0.5" pos="0.0 -9.0 -20.5" hidden="0" template="night"/>
	<box size="0.5 7.0 0.5" pos="5.5 -9.0 -20.5" hidden="0" template="night"/>
	<box size="0.5 0.0625 0.5" pos="1.5 -1.9375 -21.5" hidden="0" template="night"/>
	<box size="0.5 0.0625 0.5" pos="3.5 -1.9375 -21.5" hidden="0" template="night"/>
	<box size="0.5 0.125 0.5" pos="4.5 -1.875 -21.5" hidden="0" template="night"/>
	<box size="0.5 7.0 1.0" pos="-4.5 -9.0 -21.0" hidden="0" template="night"/>
	<box size="0.5 7.0 1.0" pos="-1.5 -9.0 -21.0" hidden="0" template="night"/>
	<box size="0.5 7.0 1.0" pos="-6.5 -9.0 -21.0" hidden="0" template="night"/>
	<box size="1.0 7.0 0.5" pos="3.0 -9.0 -21.5" hidden="0" template="night"/>
	<box size="0.5 7.0 1.0" pos="4.5 -9.0 -21.0" hidden="0" template="night"/>
	<box size="0.5 7.0 1.0" pos="6.5 -9.0 -21.0" hidden="0" template="night"/>
	<box size="1.0 7.0 0.5" pos="-3.0 -9.0 -21.5" hidden="0" template="night"/>
	<box size="0.5 0.0625 0.5" pos="-4.5 -1.9375 -21.5" hidden="0" template="night"/>
	<box size="0.5 7.0 1.0" pos="1.5 -9.0 -21.0" hidden="0" template="night"/>
	<box size="2.0 7.0 0.5" pos="-8.0 -9.0 -22.5" hidden="0" template="night"/>
	<box size="2.0 7.0 0.5" pos="8.0 -9.0 -22.5" hidden="0" template="night"/>
	<box size="0.5 0.125 0.5" pos="-6.5 -1.875 -22.5" hidden="0" template="night"/>
	<box size="0.5 0.0625 0.5" pos="6.5 -1.9375 -22.5" hidden="0" template="night"/>
	<box size="0.5 7.0 1.5" pos="-10.5 -9.0 -21.5" hidden="0" template="night"/>
	<box size="0.5 0.0625 0.5" pos="-7.5 -1.9375 -22.5" hidden="0" template="night"/>
	<box size="0.5 7.0 1.5" pos="10.5 -9.0 -21.5" hidden="0" template="night"/>
	<box size="0.5 0.0625 0.5" pos="-6.5 -1.9375 -24.5" hidden="0" template="night"/>
	<box size="0.5 7.0 0.5" pos="-5.5 -9.0 -24.5" hidden="0" template="night"/>
	<box size="0.5 0.0625 0.5" pos="-1.5 -1.9375 -24.5" hidden="0" template="night"/>
	<box size="0.5 0.0625 0.5" pos="4.5 -1.9375 -24.5" hidden="0" template="night"/>
	<box size="1.0 7.0 0.5" pos="0.0 -9.0 -24.5" hidden="0" template="night"/>
	<box size="0.5 7.0 0.5" pos="5.5 -9.0 -24.5" hidden="0" template="night"/>
	<box size="0.5 0.0625 0.5" pos="1.5 -1.9375 -25.5" hidden="0" template="night"/>
	<box size="0.5 0.0625 0.5" pos="3.5 -1.9375 -25.5" hidden="0" template="night"/>
	<box size="0.5 0.125 0.5" pos="4.5 -1.875 -25.5" hidden="0" template="night"/>
	<box size="0.5 7.0 1.0" pos="-4.5 -9.0 -25.0" hidden="0" template="night"/>
	<box size="0.5 7.0 1.0" pos="-1.5 -9.0 -25.0" hidden="0" template="night"/>
	<box size="0.5 7.0 1.0" pos="-6.5 -9.0 -25.0" hidden="0" template="night"/>
	<box size="1.0 7.0 0.5" pos="3.0 -9.0 -25.5" hidden="0" template="night"/>
	<box size="0.5 7.0 1.0" pos="4.5 -9.0 -25.0" hidden="0" template="night"/>
	<box size="0.5 7.0 1.0" pos="6.5 -9.0 -25.0" hidden="0" template="night"/>
	<box size="1.0 7.0 0.5" pos="-3.0 -9.0 -25.5" hidden="0" template="night"/>
	<box size="0.5 0.0625 0.5" pos="-4.5 -1.9375 -25.5" hidden="0" template="night"/>
	<box size="0.5 7.0 1.0" pos="1.5 -9.0 -25.0" hidden="0" template="night"/>
	<box size="2.0 7.0 0.5" pos="-8.0 -9.0 -26.5" hidden="0" template="night"/>
	<box size="2.0 7.0 0.5" pos="8.0 -9.0 -26.5" hidden="0" template="night"/>
	<box size="0.5 0.125 0.5" pos="-6.5 -1.875 -26.5" hidden="0" template="night"/>
	<box size="0.5 0.0625 0.5" pos="6.5 -1.9375 -26.5" hidden="0" template="night"/>
	<box size="0.5 7.0 1.5" pos="-10.5 -9.0 -25.5" hidden="0" template="night"/>
	<box size="0.5 0.0625 0.5" pos="-7.5 -1.9375 -26.5" hidden="0" template="night"/>
	<box size="0.5 7.0 1.5" pos="10.5 -9.0 -25.5" hidden="0" template="night"/>
	<box size="0.5 0.0625 0.5" pos="-6.5 -1.9375 -28.5" hidden="0" template="night"/>
	<box size="0.5 7.0 0.5" pos="-5.5 -9.0 -28.5" hidden="0" template="night"/>
	<box size="0.5 0.0625 0.5" pos="-1.5 -1.9375 -28.5" hidden="0" template="night"/>
	<box size="0.5 0.0625 0.5" pos="4.5 -1.9375 -28.5" hidden="0" template="night"/>
	<box size="1.0 7.0 0.5" pos="0.0 -9.0 -28.5" hidden="0" template="night"/>
	<box size="0.5 7.0 0.5" pos="5.5 -9.0 -28.5" hidden="0" template="night"/>
	<box size="0.5 0.0625 0.5" pos="1.5 -1.9375 -29.5" hidden="0" template="night"/>
	<box size="0.5 0.0625 0.5" pos="3.5 -1.9375 -29.5" hidden="0" template="night"/>
	<box size="0.5 0.125 0.5" pos="4.5 -1.875 -29.5" hidden="0" template="night"/>
	<box size="0.5 7.0 1.0" pos="-4.5 -9.0 -29.0" hidden="0" template="night"/>
	<box size="0.5 7.0 1.0" pos="-1.5 -9.0 -29.0" hidden="0" template="night"/>
	<box size="0.5 7.0 1.0" pos="-6.5 -9.0 -29.0" hidden="0" template="night"/>
	<box size="1.0 7.0 0.5" pos="3.0 -9.0 -29.5" hidden="0" template="night"/>
	<box size="0.5 7.0 1.0" pos="4.5 -9.0 -29.0" hidden="0" template="night"/>
	<box size="0.5 7.0 1.0" pos="6.5 -9.0 -29.0" hidden="0" template="night"/>
	<box size="1.0 7.0 0.5" pos="-3.0 -9.0 -29.5" hidden="0" template="night"/>
	<box size="0.5 0.0625 0.5" pos="-4.5 -1.9375 -29.5" hidden="0" template="night"/>
	<box size="0.5 7.0 1.0" pos="1.5 -9.0 -29.0" hidden="0" template="night"/>
	<box size="2.0 7.0 0.5" pos="-8.0 -9.0 -30.5" hidden="0" template="night"/>
	<box size="2.0 7.0 0.5" pos="8.0 -9.0 -30.5" hidden="0" template="night"/>
	<box size="0.5 0.125 0.5" pos="-6.5 -1.875 -30.5" hidden="0" template="night"/>
	<box size="0.5 0.0625 0.5" pos="6.5 -1.9375 -30.5" hidden="0" template="night"/>
	<box size="0.5 7.0 1.5" pos="-10.5 -9.0 -29.5" hidden="0" template="night"/>
	<box size="0.5 0.0625 0.5" pos="-7.5 -1.9375 -30.5" hidden="0" template="night"/>
	<box size="0.5 7.0 1.5" pos="10.5 -9.0 -29.5" hidden="0" template="night"/>
</segment>

