<segment size="12 10 32" template="night_s">
	<box size="1.0 7.0 0.5" pos="0.0 -9.0 -0.5" hidden="0" template="night"/>
	<box size="0.5 7.0 0.5" pos="5.5 -9.0 -0.5" hidden="0" template="night"/>
	<box size="0.5 7.0 0.5" pos="-5.5 -9.0 -0.5" hidden="0" template="night"/>
	<box size="0.5 0.0625 0.5" pos="-6.5 -1.9375 -0.5" hidden="0" template="night"/>
	<box size="0.5 0.0625 0.5" pos="4.5 -1.9375 -0.5" hidden="0" template="night"/>
	<box size="0.5 0.0625 0.5" pos="-1.5 -1.9375 -0.5" hidden="0" template="night"/>
	<box size="0.5 0.125 0.5" pos="4.5 -1.875 -1.5" hidden="0" template="night"/>
	<box size="0.5 7.0 1.0" pos="6.5 -9.0 -1.0" hidden="0" template="night"/>
	<box size="0.5 7.0 1.0" pos="4.5 -9.0 -1.0" hidden="0" template="night"/>
	<box size="1.0 7.0 0.5" pos="3.0 -9.0 -1.5" hidden="0" template="night"/>
	<box size="0.5 7.0 1.0" pos="-6.5 -9.0 -1.0" hidden="0" template="night"/>
	<box size="0.5 7.0 1.0" pos="-1.5 -9.0 -1.0" hidden="0" template="night"/>
	<box size="1.0 7.0 0.5" pos="-3.0 -9.0 -1.5" hidden="0" template="night"/>
	<box size="0.5 0.0625 0.5" pos="-4.5 -1.9375 -1.5" hidden="0" template="night"/>
	<box size="0.5 7.0 1.0" pos="1.5 -9.0 -1.0" hidden="0" template="night"/>
	<box size="0.5 0.0625 0.5" pos="3.5 -1.9375 -1.5" hidden="0" template="night"/>
	<box size="0.5 0.0625 0.5" pos="1.5 -1.9375 -1.5" hidden="0" template="night"/>
	<box size="0.5 7.0 1.0" pos="-4.5 -9.0 -1.0" hidden="0" template="night"/>
	<box size="0.5 0.125 0.5" pos="-6.5 -1.875 -2.5" hidden="0" template="night"/>
	<box size="2.0 7.0 0.5" pos="8.0 -9.0 -2.5" hidden="0" template="night"/>
	<box size="0.5 7.0 1.5" pos="10.5 -9.0 -1.5" hidden="0" template="night"/>
	<box size="0.5 0.0625 0.5" pos="-7.5 -1.9375 -2.5" hidden="0" template="night"/>
	<box size="0.5 0.0625 0.5" pos="6.5 -1.9375 -2.5" hidden="0" template="night"/>
	<box size="2.0 7.0 0.5" pos="-8.0 -9.0 -2.5" hidden="0" template="night"/>
	<box size="0.5 7.0 1.5" pos="-10.5 -9.0 -1.5" hidden="0" template="night"/>
	<box size="1.0 7.0 0.5" pos="0.0 -9.0 -4.5" hidden="0" template="night"/>
	<box size="0.5 7.0 0.5" pos="5.5 -9.0 -4.5" hidden="0" template="night"/>
	<box size="0.5 7.0 0.5" pos="-5.5 -9.0 -4.5" hidden="0" template="night"/>
	<box size="0.5 0.0625 0.5" pos="-6.5 -1.9375 -4.5" hidden="0" template="night"/>
	<box size="0.5 0.0625 0.5" pos="4.5 -1.9375 -4.5" hidden="0" template="night"/>
	<box size="0.5 0.0625 0.5" pos="-1.5 -1.9375 -4.5" hidden="0" template="night"/>
	<box size="0.5 0.125 0.5" pos="4.5 -1.875 -5.5" hidden="0" template="night"/>
	<box size="0.5 7.0 1.0" pos="-4.5 -9.0 -5.0" hidden="0" template="night"/>
	<box size="0.5 0.0625 0.5" pos="1.5 -1.9375 -5.5" hidden="0" template="night"/>
	<box size="0.5 0.0625 0.5" pos="3.5 -1.9375 -5.5" hidden="0" template="night"/>
	<box size="0.5 7.0 1.0" pos="1.5 -9.0 -5.0" hidden="0" template="night"/>
	<box size="0.5 0.0625 0.5" pos="-4.5 -1.9375 -5.5" hidden="0" template="night"/>
	<box size="1.0 7.0 0.5" pos="-3.0 -9.0 -5.5" hidden="0" template="night"/>
	<box size="0.5 7.0 1.0" pos="-1.5 -9.0 -5.0" hidden="0" template="night"/>
	<box size="0.5 7.0 1.0" pos="-6.5 -9.0 -5.0" hidden="0" template="night"/>
	<box size="1.0 7.0 0.5" pos="3.0 -9.0 -5.5" hidden="0" template="night"/>
	<box size="0.5 7.0 1.0" pos="4.5 -9.0 -5.0" hidden="0" template="night"/>
	<box size="0.5 7.0 1.0" pos="6.5 -9.0 -5.0" hidden="0" template="night"/>
	<box size="0.5 0.125 0.5" pos="-6.5 -1.875 -6.5" hidden="0" template="night"/>
	<box size="2.0 7.0 0.5" pos="8.0 -9.0 -6.5" hidden="0" template="night"/>
	<box size="0.5 7.0 1.5" pos="10.5 -9.0 -5.5" hidden="0" template="night"/>
	<box size="0.5 0.0625 0.5" pos="-7.5 -1.9375 -6.5" hidden="0" template="night"/>
	<box size="0.5 0.0625 0.5" pos="6.5 -1.9375 -6.5" hidden="0" template="night"/>
	<box size="2.0 7.0 0.5" pos="-8.0 -9.0 -6.5" hidden="0" template="night"/>
	<box size="0.5 7.0 1.5" pos="-10.5 -9.0 -5.5" hidden="0" template="night"/>
	<box size="1.0 7.0 0.5" pos="0.0 -9.0 -8.5" hidden="0" template="night"/>
	<box size="0.5 7.0 0.5" pos="5.5 -9.0 -8.5" hidden="0" template="night"/>
	<box size="0.5 7.0 0.5" pos="-5.5 -9.0 -8.5" hidden="0" template="night"/>
	<box size="0.5 0.0625 0.5" pos="-6.5 -1.9375 -8.5" hidden="0" template="night"/>
	<box size="0.5 0.0625 0.5" pos="4.5 -1.9375 -8.5" hidden="0" template="night"/>
	<box size="0.5 0.0625 0.5" pos="-1.5 -1.9375 -8.5" hidden="0" template="night"/>
	<box size="0.5 0.125 0.5" pos="4.5 -1.875 -9.5" hidden="0" template="night"/>
	<box size="0.5 7.0 1.0" pos="6.5 -9.0 -9.0" hidden="0" template="night"/>
	<box size="0.5 7.0 1.0" pos="4.5 -9.0 -9.0" hidden="0" template="night"/>
	<box size="1.0 7.0 0.5" pos="3.0 -9.0 -9.5" hidden="0" template="night"/>
	<box size="0.5 7.0 1.0" pos="-6.5 -9.0 -9.0" hidden="0" template="night"/>
	<box size="0.5 7.0 1.0" pos="-1.5 -9.0 -9.0" hidden="0" template="night"/>
	<box size="1.0 7.0 0.5" pos="-3.0 -9.0 -9.5" hidden="0" template="night"/>
	<box size="0.5 0.0625 0.5" pos="-4.5 -1.9375 -9.5" hidden="0" template="night"/>
	<box size="0.5 7.0 1.0" pos="1.5 -9.0 -9.0" hidden="0" template="night"/>
	<box size="0.5 0.0625 0.5" pos="3.5 -1.9375 -9.5" hidden="0" template="night"/>
	<box size="0.5 0.0625 0.5" pos="1.5 -1.9375 -9.5" hidden="0" template="night"/>
	<box size="0.5 7.0 1.0" pos="-4.5 -9.0 -9.0" hidden="0" template="night"/>
	<box size="0.5 7.0 1.5" pos="-10.5 -9.0 -9.5" hidden="0" template="night"/>
	<box size="0.5 0.125 0.5" pos="-6.5 -1.875 -10.5" hidden="0" template="night"/>
	<box size="2.0 7.0 0.5" pos="8.0 -9.0 -10.5" hidden="0" template="night"/>
	<box size="0.5 7.0 1.5" pos="10.5 -9.0 -9.5" hidden="0" template="night"/>
	<box size="0.5 0.0625 0.5" pos="-7.5 -1.9375 -10.5" hidden="0" template="night"/>
	<box size="0.5 0.0625 0.5" pos="6.5 -1.9375 -10.5" hidden="0" template="night"/>
	<box size="2.0 7.0 0.5" pos="-8.0 -9.0 -10.5" hidden="0" template="night"/>
	<decal pos="0.625 -2.95383 -11.0" hidden="0" tile="18" size="1 5" blend="0" color="1 1 1 .25"/>
	<box size="0.5 4.0 0.5" pos="-2.5 -5.0 -11.5" hidden="0" template="night"/>
	<box size="0.5 4.0 0.5" pos="-1.5 -6.0 -11.5" hidden="0" template="night"/>
	<box size="1.0 4.0 0.5" pos="-4.0 -6.0 -11.5" hidden="0" template="night"/>
	<decal pos="2.625 -3.32883 -12.25" hidden="0" tile="18" size="1 5" blend="0" color="1 1 1 .25"/>
	<box size="0.5 0.5 0.125" pos="-3.5 0.5 -12.875" hidden="0" template="night"/>
	<box size="6.0 4.0 0.5" pos="-9.0 -5.0 -12.5" hidden="0" template="night"/>
	<box size="0.5 4.0 0.5" pos="0.5 -6.0 -12.5" hidden="0" template="night"/>
	<box size="0.5 0.5 0.125" pos="3.5 0.5 -12.875" hidden="0" template="night"/>
	<box size="1.5 4.0 0.5" pos="-1.5 -5.5 -12.5" hidden="0" template="night"/>
	<obstacle pos="-1.5 0.00081003 -13.5" hidden="0" template="night_st" type="scoretop" param1="raycast=true" param2="static=0"/>
	<obstacle pos="-0.5 0.00081003 -13.5" hidden="0" template="night_st" type="scoretop" param1="raycast=true" param2="static=0"/>
	<obstacle pos="-2.5 0.00081003 -13.5" hidden="0" template="night_st" type="scoretop" param1="raycast=true" param2="static=0"/>
	<obstacle pos="-1.5 -3.72722 -13.5" hidden="0" type="elevatorgrid" param1="color=.3 .32 .35" template="cave2" param0="thickness=6" param2="rows=3" param3="cols=1" param4="amplitude=.5" param5="frequency=.25"/>
	<box size="0.5 2.25 0.5" pos="-3.5 2.25 -13.5" hidden="0" template="night"/>
	<box size="6.0 4.0 0.5" pos="-9.0 -4.0 -13.5" hidden="0" template="night"/>
	<box size="0.5 2.25 0.5" pos="3.5 2.25 -13.5" hidden="0" template="night"/>
	<box size="7.0 4.0 0.5" pos="10.0 -4.0 -13.5" hidden="0" template="night"/>
	<box size="0.5 0.125 0.5" pos="-3.5 4.625 -13.5" hidden="0" template="night"/>
	<box size="3.0 0.5 0.5" pos="0.0 4.0 -13.5" hidden="0" template="night"/>
	<box size="0.5 0.1875 0.5" pos="4.5 0.1875 -13.5" hidden="0" template="night"/>
	<box size="0.5 0.1875 0.5" pos="6.5 0.1875 -13.5" hidden="0" template="night"/>
	<box size="0.5 0.125 0.5" pos="-5.5 0.125 -13.5" hidden="0" template="night"/>
	<box size="0.5 0.0625 0.5" pos="7.5 0.0625 -13.5" hidden="0" template="night"/>
	<box size="0.5 0.125 0.5" pos="3.5 4.625 -13.5" hidden="0" template="night"/>
	<box size="0.5 0.125 0.5" pos="5.5 0.125 -13.5" hidden="0" template="night"/>
	<box size="0.5 0.1875 0.5" pos="-4.5 0.1875 -13.5" hidden="0" template="night"/>
	<box size="0.5 0.0625 0.5" pos="-6.5 0.0625 -13.5" hidden="0" template="night"/>
	<box size="0.5 0.0625 0.5" pos="-1.5 -1.9375 -16.5" hidden="0" template="night"/>
	<box size="0.5 0.0625 0.5" pos="4.5 -1.9375 -16.5" hidden="0" template="night"/>
	<box size="0.5 0.0625 0.5" pos="-6.5 -1.9375 -16.5" hidden="0" template="night"/>
	<box size="0.5 7.0 0.5" pos="-5.5 -9.0 -16.5" hidden="0" template="night"/>
	<box size="0.5 7.0 0.5" pos="5.5 -9.0 -16.5" hidden="0" template="night"/>
	<box size="1.0 7.0 0.5" pos="0.0 -9.0 -16.5" hidden="0" template="night"/>
	<box size="0.5 7.0 1.0" pos="6.5 -9.0 -17.0" hidden="0" template="night"/>
	<box size="0.5 7.0 1.0" pos="1.5 -9.0 -17.0" hidden="0" template="night"/>
	<box size="0.5 0.0625 0.5" pos="-4.5 -1.9375 -17.5" hidden="0" template="night"/>
	<box size="1.0 7.0 0.5" pos="-3.0 -9.0 -17.5" hidden="0" template="night"/>
	<box size="0.5 7.0 1.0" pos="-1.5 -9.0 -17.0" hidden="0" template="night"/>
	<box size="0.5 7.0 1.0" pos="-6.5 -9.0 -17.0" hidden="0" template="night"/>
	<box size="1.0 7.0 0.5" pos="3.0 -9.0 -17.5" hidden="0" template="night"/>
	<box size="0.5 7.0 1.0" pos="4.5 -9.0 -17.0" hidden="0" template="night"/>
	<box size="0.5 0.125 0.5" pos="4.5 -1.875 -17.5" hidden="0" template="night"/>
	<box size="0.5 7.0 1.0" pos="-4.5 -9.0 -17.0" hidden="0" template="night"/>
	<box size="0.5 0.0625 0.5" pos="1.5 -1.9375 -17.5" hidden="0" template="night"/>
	<box size="0.5 0.0625 0.5" pos="3.5 -1.9375 -17.5" hidden="0" template="night"/>
	<box size="2.0 7.0 0.5" pos="-8.0 -9.0 -18.5" hidden="0" template="night"/>
	<box size="0.5 0.0625 0.5" pos="-7.5 -1.9375 -18.5" hidden="0" template="night"/>
	<box size="0.5 0.0625 0.5" pos="6.5 -1.9375 -18.5" hidden="0" template="night"/>
	<box size="0.5 7.0 1.5" pos="-10.5 -9.0 -17.5" hidden="0" template="night"/>
	<box size="0.5 0.125 0.5" pos="-6.5 -1.875 -18.5" hidden="0" template="night"/>
	<box size="2.0 7.0 0.5" pos="8.0 -9.0 -18.5" hidden="0" template="night"/>
	<box size="0.5 7.0 1.5" pos="10.5 -9.0 -17.5" hidden="0" template="night"/>
	<box size="0.5 0.0625 0.5" pos="-1.5 -1.9375 -20.5" hidden="0" template="night"/>
	<box size="1.0 7.0 0.5" pos="0.0 -9.0 -20.5" hidden="0" template="night"/>
	<box size="0.5 7.0 0.5" pos="5.5 -9.0 -20.5" hidden="0" template="night"/>
	<box size="0.5 7.0 0.5" pos="-5.5 -9.0 -20.5" hidden="0" template="night"/>
	<box size="0.5 0.0625 0.5" pos="-6.5 -1.9375 -20.5" hidden="0" template="night"/>
	<box size="0.5 0.0625 0.5" pos="4.5 -1.9375 -20.5" hidden="0" template="night"/>
	<box size="0.5 7.0 1.0" pos="-4.5 -9.0 -21.0" hidden="0" template="night"/>
	<box size="0.5 7.0 1.0" pos="-6.5 -9.0 -21.0" hidden="0" template="night"/>
	<box size="0.5 7.0 1.0" pos="-1.5 -9.0 -21.0" hidden="0" template="night"/>
	<box size="1.0 7.0 0.5" pos="-3.0 -9.0 -21.5" hidden="0" template="night"/>
	<box size="0.5 0.0625 0.5" pos="-4.5 -1.9375 -21.5" hidden="0" template="night"/>
	<box size="0.5 7.0 1.0" pos="1.5 -9.0 -21.0" hidden="0" template="night"/>
	<box size="0.5 0.0625 0.5" pos="3.5 -1.9375 -21.5" hidden="0" template="night"/>
	<box size="0.5 0.0625 0.5" pos="1.5 -1.9375 -21.5" hidden="0" template="night"/>
	<box size="0.5 0.125 0.5" pos="4.5 -1.875 -21.5" hidden="0" template="night"/>
	<box size="0.5 7.0 1.0" pos="6.5 -9.0 -21.0" hidden="0" template="night"/>
	<box size="0.5 7.0 1.0" pos="4.5 -9.0 -21.0" hidden="0" template="night"/>
	<box size="1.0 7.0 0.5" pos="3.0 -9.0 -21.5" hidden="0" template="night"/>
	<box size="0.5 0.0625 0.5" pos="6.5 -1.9375 -22.5" hidden="0" template="night"/>
	<box size="0.5 7.0 1.5" pos="10.5 -9.0 -21.5" hidden="0" template="night"/>
	<box size="0.5 0.0625 0.5" pos="-7.5 -1.9375 -22.5" hidden="0" template="night"/>
	<box size="2.0 7.0 0.5" pos="-8.0 -9.0 -22.5" hidden="0" template="night"/>
	<box size="0.5 7.0 1.5" pos="-10.5 -9.0 -21.5" hidden="0" template="night"/>
	<box size="0.5 0.125 0.5" pos="-6.5 -1.875 -22.5" hidden="0" template="night"/>
	<box size="2.0 7.0 0.5" pos="8.0 -9.0 -22.5" hidden="0" template="night"/>
	<box size="0.5 4.0 0.5" pos="1.5 -6.0 -23.5" hidden="0" template="night"/>
	<box size="1.0 4.0 0.5" pos="4.0 -6.0 -23.5" hidden="0" template="night"/>
	<box size="0.5 4.0 0.5" pos="2.5 -5.0 -23.5" hidden="0" template="night"/>
	<decal pos="-2.375 -2.95383 -24.0" hidden="0" tile="18" size="1 5" blend="0" color="1 1 1 .25"/>
	<box size="0.5 0.5 0.125" pos="-3.5 0.5 -24.875" hidden="0" template="night"/>
	<box size="0.5 4.0 0.5" pos="-0.5 -6.0 -24.5" hidden="0" template="night"/>
	<box size="6.0 4.0 0.5" pos="9.0 -5.0 -24.5" hidden="0" template="night"/>
	<box size="1.5 4.0 0.5" pos="1.5 -5.5 -24.5" hidden="0" template="night"/>
	<box size="0.5 0.5 0.125" pos="3.5 0.5 -24.875" hidden="0" template="night"/>
	<obstacle pos="1.5 0.00081003 -25.5" hidden="0" template="night_st" type="scoretop" param1="raycast=true" param2="static=0"/>
	<obstacle pos="2.5 0.00081003 -25.5" hidden="0" template="night_st" type="scoretop" param1="raycast=true" param2="static=0"/>
	<obstacle pos="1.5 -3.72722 -25.5" hidden="0" type="elevatorgrid" param1="color=.3 .32 .35" template="cave2" param0="thickness=6" param2="rows=3" param3="cols=1" param4="amplitude=.5" param5="frequency=.25"/>
	<obstacle pos="0.5 0.00081003 -25.5" hidden="0" template="night_st" type="scoretop" param1="raycast=true" param2="static=0"/>
	<box size="0.5 0.125 0.5" pos="-5.5 0.125 -25.5" hidden="0" template="night"/>
	<box size="0.5 0.1875 0.5" pos="4.5 0.1875 -25.5" hidden="0" template="night"/>
	<box size="0.5 0.0625 0.5" pos="6.5 0.0625 -25.5" hidden="0" template="night"/>
	<box size="6.0 4.0 0.5" pos="9.0 -4.0 -25.5" hidden="0" template="night"/>
	<box size="0.5 0.125 0.5" pos="5.5 0.125 -25.5" hidden="0" template="night"/>
	<box size="0.5 2.25 0.5" pos="-3.5 2.25 -25.5" hidden="0" template="night"/>
	<box size="7.0 4.0 0.5" pos="-10.0 -4.0 -25.5" hidden="0" template="night"/>
	<box size="0.5 0.1875 0.5" pos="-6.5 0.1875 -25.5" hidden="0" template="night"/>
	<box size="0.5 0.125 0.5" pos="3.5 4.625 -25.5" hidden="0" template="night"/>
	<box size="0.5 0.1875 0.5" pos="-4.5 0.1875 -25.5" hidden="0" template="night"/>
	<box size="3.0 0.5 0.5" pos="0.0 4.0 -25.5" hidden="0" template="night"/>
	<box size="0.5 0.125 0.5" pos="-3.5 4.625 -25.5" hidden="0" template="night"/>
	<box size="0.5 0.0625 0.5" pos="-7.5 0.0625 -25.5" hidden="0" template="night"/>
	<box size="0.5 2.25 0.5" pos="3.5 2.25 -25.5" hidden="0" template="night"/>
	<box size="0.5 0.0625 0.5" pos="-6.5 -1.9375 -28.5" hidden="0" template="night"/>
	<box size="0.5 0.0625 0.5" pos="-1.5 -1.9375 -28.5" hidden="0" template="night"/>
	<box size="0.5 0.0625 0.5" pos="4.5 -1.9375 -28.5" hidden="0" template="night"/>
	<box size="1.0 7.0 0.5" pos="0.0 -9.0 -28.5" hidden="0" template="night"/>
	<box size="0.5 7.0 0.5" pos="-5.5 -9.0 -28.5" hidden="0" template="night"/>
	<box size="0.5 7.0 0.5" pos="5.5 -9.0 -28.5" hidden="0" template="night"/>
	<box size="0.5 7.0 1.0" pos="6.5 -9.0 -29.0" hidden="0" template="night"/>
	<box size="0.5 7.0 1.0" pos="-4.5 -9.0 -29.0" hidden="0" template="night"/>
	<box size="0.5 0.0625 0.5" pos="1.5 -1.9375 -29.5" hidden="0" template="night"/>
	<box size="0.5 0.0625 0.5" pos="3.5 -1.9375 -29.5" hidden="0" template="night"/>
	<box size="0.5 7.0 1.0" pos="1.5 -9.0 -29.0" hidden="0" template="night"/>
	<box size="0.5 0.0625 0.5" pos="-4.5 -1.9375 -29.5" hidden="0" template="night"/>
	<box size="1.0 7.0 0.5" pos="-3.0 -9.0 -29.5" hidden="0" template="night"/>
	<box size="1.0 7.0 0.5" pos="3.0 -9.0 -29.5" hidden="0" template="night"/>
	<box size="0.5 0.125 0.5" pos="4.5 -1.875 -29.5" hidden="0" template="night"/>
	<box size="0.5 7.0 1.0" pos="4.5 -9.0 -29.0" hidden="0" template="night"/>
	<box size="0.5 7.0 1.0" pos="-1.5 -9.0 -29.0" hidden="0" template="night"/>
	<box size="0.5 7.0 1.0" pos="-6.5 -9.0 -29.0" hidden="0" template="night"/>
	<box size="0.5 7.0 1.5" pos="-10.5 -9.0 -29.5" hidden="0" template="night"/>
	<box size="0.5 0.0625 0.5" pos="-7.5 -1.9375 -30.5" hidden="0" template="night"/>
	<box size="0.5 7.0 1.5" pos="10.5 -9.0 -29.5" hidden="0" template="night"/>
	<box size="2.0 7.0 0.5" pos="8.0 -9.0 -30.5" hidden="0" template="night"/>
	<box size="0.5 0.125 0.5" pos="-6.5 -1.875 -30.5" hidden="0" template="night"/>
	<box size="2.0 7.0 0.5" pos="-8.0 -9.0 -30.5" hidden="0" template="night"/>
	<box size="0.5 0.0625 0.5" pos="6.5 -1.9375 -30.5" hidden="0" template="night"/>
</segment>

