<segment size="12 10 16" template="night_s">
	<box size="0.25 4.0 0.5" pos="3.75 -4.0 -0.5" hidden="0" template="night"/>
	<box size="0.125 4.0 0.5" pos="-3.875 -4.0 -0.5" hidden="0" template="night"/>
	<box size="0.375 4.0 0.5" pos="-3.625 -4.0 -1.5" hidden="0" template="night"/>
	<box size="0.25 4.0 0.5" pos="3.75 -4.0 -3.5" hidden="0" template="night"/>
	<box size="0.25 4.0 0.5" pos="-3.75 -4.0 -3.5" hidden="0" template="night"/>
	<box size="0.375 4.0 0.5" pos="-3.625 -4.0 -4.5" hidden="0" template="night"/>
	<box size="0.125 4.0 0.5" pos="3.875 -4.0 -4.5" hidden="0" template="night"/>
	<decal pos="1.125 -3.20383 -4.875" hidden="0" tile="18" size="1 4" blend="0" color="1 1 1 .25"/>
	<decal pos="0.125 -3.45383 -5.625" hidden="0" tile="18" size="1 5" blend="0" color="1 1 1 .25"/>
	<box size="0.375 4.0 0.5" pos="3.625 -4.0 -5.5" hidden="0" template="night"/>
	<box size="0.25 4.0 0.5" pos="-3.75 -4.0 -5.5" hidden="0" template="night"/>
	<box size="0.5 0.5 0.125" pos="4.5 0.5 -5.875" hidden="0" template="night"/>
	<box size="0.5 0.5 0.125" pos="-4.5 0.5 -5.875" hidden="0" template="night"/>
	<box size="0.5 5.0625 0.5" pos="-2.5 -5.8125 -6.25" hidden="0" template="night"/>
	<box size="0.5 3.25 0.5" pos="-4.5 3.25 -6.5" hidden="0" template="night"/>
	<box size="0.5 0.125 0.5" pos="-4.5 6.625 -6.5" hidden="0" template="night"/>
	<box size="4.0 0.5 0.5" pos="0.0 6.0 -6.5" hidden="1" template="night"/>
	<box size="0.5 3.25 0.5" pos="4.5 3.25 -6.5" hidden="0" template="night"/>
	<box size="0.5 0.0625 0.5" pos="10.5 0.0625 -6.5" hidden="0" template="night"/>
	<box size="0.5 0.125 0.5" pos="9.5 0.125 -6.5" hidden="0" template="night"/>
	<box size="0.5 0.0625 0.5" pos="8.5 0.0625 -6.5" hidden="0" template="night"/>
	<box size="0.5 0.125 0.5" pos="7.5 0.125 -6.5" hidden="0" template="night"/>
	<box size="0.5 0.25 0.5" pos="6.5 0.25 -6.5" hidden="0" template="night"/>
	<box size="0.5 0.375 0.5" pos="5.5 0.375 -6.5" hidden="0" template="night"/>
	<box size="0.5 0.0625 0.5" pos="-10.5 0.0625 -6.5" hidden="0" template="night"/>
	<box size="0.5 0.125 0.5" pos="-9.5 0.125 -6.5" hidden="0" template="night"/>
	<box size="0.5 0.0625 0.5" pos="-8.5 0.0625 -6.5" hidden="0" template="night"/>
	<box size="0.5 0.25 0.5" pos="-6.5 0.25 -6.5" hidden="0" template="night"/>
	<box size="0.5 0.125 0.5" pos="-7.5 0.125 -6.5" hidden="0" template="night"/>
	<box size="0.5 0.375 0.5" pos="-5.5 0.375 -6.5" hidden="0" template="night"/>
	<box size="0.5 0.125 0.5" pos="4.5 6.625 -6.5" hidden="0" template="night"/>
	<box size="0.5 5.0 0.5" pos="2.5 -5.875 -7.25" hidden="0" template="night"/>
	<box size="0.125 4.0 0.5" pos="-3.875 -4.0 -7.5" hidden="0" template="night"/>
	<box size="0.5 0.5 0.125" pos="5.5 0.5 -7.875" hidden="0" template="night"/>
	<box size="0.125 4.0 0.5" pos="3.875 -4.0 -7.5" hidden="0" template="night"/>
	<box size="0.5 0.5 0.125" pos="10.5 0.5 -7.875" hidden="0" template="night"/>
	<box size="0.5 5.125 0.5" pos="-2.5 -5.75 -8.0" hidden="0" template="night"/>
	<box size="0.5 0.125 0.5" pos="10.5 7.625 -8.5" hidden="0" template="night"/>
	<box size="0.5 3.75 0.5" pos="5.5 3.75 -8.5" hidden="0" template="night"/>
	<box size="0.5 0.0625 0.5" pos="4.5 0.0625 -8.5" hidden="0" template="night"/>
	<box size="0.5 0.125 0.5" pos="15.5 0.125 -8.5" hidden="0" template="night"/>
	<box size="0.5 0.0625 0.5" pos="14.5 0.0625 -8.5" hidden="0" template="night"/>
	<box size="0.5 0.25 0.5" pos="12.5 0.25 -8.5" hidden="0" template="night"/>
	<box size="0.5 0.125 0.5" pos="13.5 0.125 -8.5" hidden="0" template="night"/>
	<box size="0.5 0.375 0.5" pos="11.5 0.375 -8.5" hidden="0" template="night"/>
	<box size="0.5 5.0625 0.5" pos="2.5 -5.8125 -8.5" hidden="0" template="night"/>
	<box size="0.5 3.75 0.5" pos="10.5 3.75 -8.5" hidden="0" template="night"/>
	<box size="0.5 0.125 0.5" pos="5.5 7.625 -8.5" hidden="0" template="night"/>
	<box size="2.0 0.5 0.5" pos="8.0 7.0 -8.5" hidden="0" template="night"/>
	<box size="0.375 4.0 0.5" pos="3.625 -4.0 -8.5" hidden="0" template="night"/>
	<box size="0.25 4.0 0.5" pos="-3.75 -4.0 -8.5" hidden="0" template="night"/>
	<box size="0.375 4.0 0.5" pos="-3.625 -4.0 -9.5" hidden="0" template="night"/>
	<box size="0.5 5.25 0.5" pos="2.5 -5.625 -9.5" hidden="0" template="night"/>
	<box size="0.5 5.125 0.5" pos="-2.5 -5.75 -9.5" hidden="0" template="night"/>
	<box size="0.25 4.0 0.5" pos="3.75 -4.0 -9.5" hidden="0" template="night"/>
	<box size="0.5 5.0625 0.5" pos="-1.25 -5.8125 -10.0" hidden="0" template="night"/>
	<box size="0.5 5.3125 0.5" pos="2.5 -5.5625 -10.5" hidden="0" template="night"/>
	<box size="0.5 5.1875 0.5" pos="-2.5 -5.6875 -10.5" hidden="0" template="night"/>
	<box size="0.5 0.5 0.125" pos="-9.5 0.5 -10.875" hidden="0" template="night"/>
	<box size="0.5 0.5 0.125" pos="-14.5 0.5 -10.875" hidden="0" template="night"/>
	<box size="0.5 5.3125 0.5" pos="-1.25 -5.5625 -11.25" hidden="0" template="night"/>
	<box size="0.5 5.0625 0.5" pos="0.0 -5.8125 -11.25" hidden="0" template="night"/>
	<box size="0.5 5.0625 0.5" pos="1.375 -5.8125 -11.375" hidden="0" template="night"/>
	<box size="0.5 5.375 0.5" pos="2.5 -5.5 -11.5" hidden="0" template="night"/>
	<box size="0.5 0.5 0.125" pos="-3.5 0.5 -11.875" hidden="0" template="night"/>
	<box size="0.5 0.125 0.5" pos="-9.5 7.625 -11.5" hidden="0" template="night"/>
	<box size="2.0 0.5 0.5" pos="-12.0 7.0 -11.5" hidden="0" template="night"/>
	<box size="0.5 3.75 0.5" pos="-9.5 3.75 -11.5" hidden="0" template="night"/>
	<box size="0.5 0.5 0.125" pos="3.5 0.5 -11.875" hidden="0" template="night"/>
	<box size="0.5 3.75 0.5" pos="-14.5 3.75 -11.5" hidden="0" template="night"/>
	<box size="0.5 5.3125 0.5" pos="-2.5 -5.5625 -11.5" hidden="0" template="night"/>
	<box size="0.5 0.125 0.5" pos="-14.5 7.625 -11.5" hidden="0" template="night"/>
	<box size="0.5 0.0625 0.5" pos="-7.5 0.0625 -12.5" hidden="0" template="night"/>
	<box size="0.5 4.0 1.0" pos="3.5 -4.0 -12.0" hidden="0" template="night"/>
	<box size="0.5 0.125 0.5" pos="3.5 6.625 -12.5" hidden="0" template="night"/>
	<box size="0.5 0.125 0.5" pos="-3.5 6.625 -12.5" hidden="0" template="night"/>
	<box size="0.5 0.0625 0.5" pos="9.5 0.0625 -12.5" hidden="0" template="night"/>
	<box size="0.5 5.3125 0.5" pos="0.5 -5.5625 -12.5" hidden="0" template="night"/>
	<box size="0.5 5.4375 0.5" pos="2.5 -5.4375 -12.5" hidden="0" template="night"/>
	<box size="0.5 5.3125 0.5" pos="1.5 -5.5625 -12.5" hidden="0" template="night"/>
	<box size="0.5 5.0625 0.5" pos="-0.5 -5.8125 -12.5" hidden="0" template="night"/>
	<box size="0.5 5.5 0.5" pos="-1.5 -5.375 -12.5" hidden="0" template="night"/>
	<box size="0.5 0.125 0.5" pos="6.5 0.125 -12.5" hidden="0" template="night"/>
	<box size="0.5 0.25 0.5" pos="5.5 0.25 -12.5" hidden="0" template="night"/>
	<box size="0.5 0.375 0.5" pos="-4.5 0.375 -12.5" hidden="0" template="night"/>
	<box size="6.0 4.0 6.5" pos="10.0 -4.0 -6.5" hidden="0" template="night"/>
	<box size="6.0 4.0 6.5" pos="-10.0 -4.0 -6.5" hidden="0" template="night"/>
	<box size="0.5 0.0625 0.5" pos="7.5 0.0625 -12.5" hidden="0" template="night"/>
	<box size="0.5 0.125 0.5" pos="8.5 0.125 -12.5" hidden="0" template="night"/>
	<box size="0.5 5.4375 0.5" pos="-2.5 -5.4375 -12.5" hidden="0" template="night"/>
	<box size="0.5 0.375 0.5" pos="4.5 0.375 -12.5" hidden="0" template="night"/>
	<box size="0.5 0.0625 0.5" pos="-9.5 0.0625 -12.5" hidden="0" template="night"/>
	<box size="0.5 0.125 0.5" pos="-8.5 0.125 -12.5" hidden="0" template="night"/>
	<box size="0.5 0.125 0.5" pos="-6.5 0.125 -12.5" hidden="0" template="night"/>
	<box size="0.5 0.25 0.5" pos="-5.5 0.25 -12.5" hidden="0" template="night"/>
	<box size="0.5 4.0 1.5" pos="-3.5 -4.0 -11.5" hidden="0" template="night"/>
	<box size="0.5 3.25 0.5" pos="3.5 3.25 -12.5" hidden="0" template="night"/>
	<box size="3.0 0.5 0.5" pos="0.0 6.0 -12.5" hidden="1" template="night"/>
	<box size="0.5 3.25 0.5" pos="-3.5 3.25 -12.5" hidden="0" template="night"/>
	<obstacle pos="1.5 0.12581 -13.5" hidden="0" template="night_st" type="scoretop" param2="static=0" mode="1"/>
	<obstacle pos="-1.5 0.12581 -13.5" hidden="0" template="night_st" type="scoretop" param2="static=0" mode="1"/>
	<box size="0.5 5.5 0.5" pos="2.5 -5.375 -13.5" hidden="0" template="night"/>
	<box size="0.5 5.5 0.5" pos="-1.5 -5.375 -13.5" hidden="0" template="night"/>
	<box size="0.5 5.5 0.5" pos="1.5 -5.375 -13.5" hidden="0" template="night"/>
	<box size="0.5 5.4375 0.5" pos="0.5 -5.4375 -13.5" hidden="0" template="night"/>
	<box size="0.5 5.3125 0.5" pos="-0.5 -5.5625 -13.5" hidden="0" template="night"/>
	<box size="0.5 5.5 0.5" pos="-2.5 -5.375 -13.5" hidden="0" template="night"/>
	<box size="0.5 11.5 0.0625" pos="-4.5 0.625 -14.9375" hidden="0" template="night"/>
	<box size="0.5 11.5 0.1875" pos="-6.5 0.625 -14.8125" hidden="0" template="night"/>
	<box size="0.5 11.5 0.1875" pos="-3.5 0.625 -14.8125" hidden="0" template="night"/>
	<box size="0.5 11.5 0.5625" pos="1.5 0.625 -14.4375" hidden="0" template="night"/>
	<box size="1.0 5.5 0.5" pos="0.0 -5.375 -14.5" hidden="0" template="night"/>
	<box size="0.5 11.5 0.3125" pos="2.5 0.625 -14.6875" hidden="0" template="night"/>
	<box size="0.5 0.5 0.125" pos="0.0 2.625 -14.875" hidden="0" template="night"/>
	<box size="0.5 11.5 0.5625" pos="-1.5 0.625 -14.4375" hidden="0" template="night"/>
	<box size="0.5 11.5 0.125" pos="3.5 0.625 -14.875" hidden="0" template="night"/>
	<box size="0.5 11.5 0.25" pos="4.5 0.625 -14.75" hidden="0" template="night"/>
	<box size="0.5 11.5 0.25" pos="-7.5 0.625 -14.75" hidden="0" template="night"/>
	<decal pos="0.0 1.125 -15.0" hidden="1" tile="-2" color=".125 .165 .2" size="1.0 1.0 0.0"/>
	<obstacle pos="0.0 0.125 -15.5" hidden="0" type="doors/double" param0="buttons=1"/>
	<box size="9.5 11.5 0.5" pos="-10.5 0.625 -15.5" hidden="0" template="night"/>
	<box size="9.5 11.5 0.5" pos="10.5 0.625 -15.5" hidden="0" template="night"/>
	<box size="1.0 5.5 0.5625" pos="0.0 -5.375 -15.4375" hidden="0" template="night"/>
	<box size="1.0 5.0 0.5" pos="0.0 7.125 -15.5" hidden="0" template="night"/>
</segment>

