<segment size="12 10 16" template="night_s">
	<box size="0.125 4.0 0.5" pos="2.875 -4.0 -0.5" hidden="0" template="night"/>
	<box size="0.125 4.0 0.5" pos="-2.875 -4.0 -0.5" hidden="0" template="night"/>
	<box size="0.125 4.0 0.5" pos="2.875 -4.0 -2.5" hidden="0" template="night"/>
	<box size="0.25 4.0 0.5" pos="-2.75 -4.0 -2.5" hidden="0" template="night"/>
	<box size="0.5 4.0 0.5" pos="-2.5 -4.0 -3.5" hidden="0" template="night"/>
	<box size="0.25 4.0 0.5" pos="2.75 -4.0 -3.5" hidden="0" template="night"/>
	<box size="0.5 0.5 0.125" pos="5.5 0.5 -4.875" hidden="0" template="night"/>
	<box size="0.5 0.5 0.125" pos="8.5 0.5 -4.875" hidden="0" template="night"/>
	<box size="0.5 0.5 0.125" pos="13.5 0.5 -4.875" hidden="0" template="night"/>
	<box size="0.5 0.5 0.125" pos="-3.5 0.5 -4.875" hidden="0" template="night"/>
	<box size="0.5 3.25 0.5" pos="-3.5 3.25 -5.5" hidden="0" template="night"/>
	<box size="0.125 4.0 0.5" pos="-2.875 -4.0 -5.5" hidden="0" template="night"/>
	<box size="0.25 4.0 0.5" pos="2.75 -4.0 -5.5" hidden="0" template="night"/>
	<box size="0.5 0.125 0.5" pos="-3.5 6.625 -5.5" hidden="0" template="night"/>
	<box size="0.5 0.125 0.5" pos="8.5 7.625 -5.5" hidden="0" template="night"/>
	<box size="0.5 0.125 0.5" pos="5.5 6.625 -5.5" hidden="0" template="night"/>
	<box size="2.0 0.5 0.5" pos="11.0 7.0 -5.5" hidden="0" template="night"/>
	<box size="0.5 0.125 0.5" pos="13.5 7.625 -5.5" hidden="0" template="night"/>
	<box size="0.5 3.75 0.5" pos="13.5 3.75 -5.5" hidden="0" template="night"/>
	<box size="0.5 3.75 0.5" pos="8.5 3.75 -5.5" hidden="0" template="night"/>
	<box size="0.5 3.25 0.5" pos="5.5 3.25 -5.5" hidden="0" template="night"/>
	<box size="4.0 0.5 0.5" pos="1.0 6.0 -5.5" hidden="0" template="night"/>
	<box size="0.125 4.0 0.5" pos="2.875 -4.0 -6.5" hidden="0" template="night"/>
	<box size="0.25 4.0 0.5" pos="-2.75 -4.0 -6.5" hidden="0" template="night"/>
	<box size="0.5 0.5 0.125" pos="-5.5 0.5 -7.875" hidden="0" template="night"/>
	<box size="0.125 4.0 0.5" pos="-2.875 -4.0 -7.5" hidden="0" template="night"/>
	<box size="0.5 0.5 0.125" pos="3.5 0.5 -7.875" hidden="0" template="night"/>
	<box size="0.5 0.125 0.5" pos="-5.5 4.625 -8.5" hidden="0" template="night"/>
	<box size="0.25 4.0 0.5" pos="-2.75 -4.0 -8.5" hidden="0" template="night"/>
	<box size="0.5 0.5 0.125" pos="-14.5 0.5 -8.875" hidden="0" template="night"/>
	<box size="4.0 0.5 0.5" pos="-1.0 4.0 -8.5" hidden="0" template="night"/>
	<box size="0.5 0.125 0.5" pos="3.5 4.625 -8.5" hidden="0" template="night"/>
	<box size="0.5 2.25 0.5" pos="-5.5 2.25 -8.5" hidden="0" template="night"/>
	<box size="0.5 0.5 0.125" pos="-9.5 0.5 -8.875" hidden="0" template="night"/>
	<box size="0.5 2.25 0.5" pos="3.5 2.25 -8.5" hidden="0" template="night"/>
	<box size="0.5 0.125 0.5" pos="-9.5 7.625 -9.5" hidden="0" template="night"/>
	<box size="2.0 0.5 0.5" pos="-12.0 7.0 -9.5" hidden="0" template="night"/>
	<box size="0.5 0.125 0.5" pos="-14.5 7.625 -9.5" hidden="0" template="night"/>
	<box size="0.5 3.75 0.5" pos="-14.5 3.75 -9.5" hidden="0" template="night"/>
	<box size="0.5 3.75 0.5" pos="-9.5 3.75 -9.5" hidden="0" template="night"/>
	<decal pos="-0.5 -3.45383 -10.625" hidden="0" tile="18" size="1 5" blend="0" color="1 1 1 .25"/>
	<box size="0.125 4.0 0.5" pos="2.875 -4.0 -10.5" hidden="0" template="night"/>
	<box size="0.5 0.5 0.125" pos="-10.5 0.5 -10.875" hidden="0" template="night"/>
	<box size="0.5 0.5 0.125" pos="-5.5 0.5 -10.875" hidden="0" template="night"/>
	<box size="0.5 3.75 0.5" pos="-5.5 3.75 -11.5" hidden="0" template="night"/>
	<box size="2.0 0.5 0.5" pos="-8.0 7.0 -11.5" hidden="0" template="night"/>
	<box size="0.5 3.75 0.5" pos="-10.5 3.75 -11.5" hidden="0" template="night"/>
	<box size="4.0 0.5 0.5" pos="0.0 -6.0 -11.5" hidden="0" template="night"/>
	<box size="0.5 0.125 0.5" pos="-5.5 7.625 -11.5" hidden="0" template="night"/>
	<box size="0.5 0.125 0.5" pos="-10.5 7.625 -11.5" hidden="0" template="night"/>
	<box size="0.125 4.0 0.5" pos="-2.875 -4.0 -11.5" hidden="0" template="night"/>
	<decal pos="0.5 -3.57883 -12.625" hidden="0" tile="18" size="1 4" blend="0" color="1 1 1 .25"/>
	<box size="0.5 0.5 0.125" pos="3.5 0.5 -12.875" hidden="0" template="night"/>
	<box size="0.125 4.0 0.5" pos="2.875 -4.0 -12.5" hidden="0" template="night"/>
	<box size="0.5 0.5 0.125" pos="-3.5 0.5 -12.875" hidden="0" template="night"/>
	<powerup pos="1.5 0.5 -13.5" hidden="0" type="ballfrenzy"/>
	<box size="0.5 0.125 0.5" pos="-3.5 5.625 -13.5" hidden="0" template="night"/>
	<box size="1.0 0.5 0.5" pos="2.0 -2.5 -13.5" hidden="0" template="night"/>
	<box size="0.4375 0.5 0.5" pos="1.5625 -1.5 -13.5" hidden="0" template="night"/>
	<box size="0.5 0.0625 0.5" pos="1.5 0.0625 -13.5" hidden="0" template="night"/>
	<box size="0.5 0.5 0.5" pos="1.5 -0.5 -13.5" hidden="0" template="night"/>
	<box size="0.5 0.5 0.5" pos="2.5 -0.5 -13.5" hidden="0" template="night"/>
	<box size="0.5 2.75 0.5" pos="3.5 2.75 -13.5" hidden="0" template="night"/>
	<box size="0.5 2.75 0.5" pos="-3.5 2.75 -13.5" hidden="0" template="night"/>
	<box size="3.0 0.5 0.5" pos="0.0 5.0 -13.5" hidden="0" template="night"/>
	<box size="0.5 0.125 0.5" pos="3.5 5.625 -13.5" hidden="0" template="night"/>
	<box size="0.25 4.0 0.5" pos="-2.75 -4.0 -14.5" hidden="0" template="night"/>
	<box size="6.5 4.0 8.0" pos="9.5 -4.0 -8.0" hidden="0" template="night"/>
	<box size="0.125 4.0 0.5" pos="2.875 -4.0 -15.5" hidden="0" template="night"/>
	<box size="6.5 4.0 8.0" pos="-9.5 -4.0 -8.0" hidden="0" template="night"/>
	<box size="0.125 4.0 0.5" pos="-2.875 -4.0 -15.5" hidden="0" template="night"/>
</segment>

