<segment size="12 10 16" template="night_s">
	<box size="6.5 4.0 0.5" pos="9.5 -4.0 -0.5" hidden="0" template="night"/>
	<box size="6.5 4.0 0.5" pos="-9.5 -4.0 -0.5" hidden="0" template="night"/>
	<box size="6.0 4.0 1.5" pos="10.0 -4.0 -2.5" hidden="0" template="night"/>
	<box size="6.0 4.0 1.5" pos="-10.0 -4.0 -2.5" hidden="0" template="night"/>
	<box size="0.5 4.0 0.25" pos="-3.5 -4.0 -3.75" hidden="0" template="night"/>
	<box size="0.0625 0.5 0.5" pos="3.9375 -0.5 -3.5" hidden="0" template="night"/>
	<box size="0.0625 0.5 0.5" pos="-2.9375 -0.5 -4.5" hidden="0" template="night"/>
	<box size="0.125 0.5 0.5" pos="2.875 -0.5 -4.5" hidden="0" template="night"/>
	<box size="6.5 4.0 1.0" pos="-9.5 -4.0 -5.0" hidden="0" template="night"/>
	<box size="0.5 0.5 0.125" pos="-14.5 0.5 -5.875" hidden="0" template="night"/>
	<box size="0.5 0.5 0.125" pos="-9.5 0.5 -5.875" hidden="0" template="night"/>
	<box size="6.5 4.0 1.0" pos="9.5 -4.0 -5.0" hidden="0" template="night"/>
	<box size="0.1875 0.5 0.5" pos="-0.8125 -0.5 -6.5" hidden="0" template="night"/>
	<box size="0.5 3.75 0.5" pos="-9.5 3.75 -6.5" hidden="0" template="night"/>
	<box size="0.5 0.125 0.5" pos="-9.5 7.625 -6.5" hidden="0" template="night"/>
	<box size="2.0 0.5 0.5" pos="-12.0 7.0 -6.5" hidden="0" template="night"/>
	<box size="0.5 0.125 0.5" pos="-14.5 7.625 -6.5" hidden="0" template="night"/>
	<box size="7.5 4.0 0.5" pos="-8.5 -4.0 -6.5" hidden="0" template="night"/>
	<box size="0.5 0.5 0.125" pos="-4.5 0.5 -6.875" hidden="0" template="night"/>
	<box size="0.5 0.5 0.125" pos="2.5 0.5 -6.875" hidden="0" template="night"/>
	<box size="0.5 3.75 0.5" pos="-14.5 3.75 -6.5" hidden="0" template="night"/>
	<box size="0.0625 0.5 0.5" pos="-0.9375 -1.5 -6.5" hidden="0" template="night"/>
	<box size="0.0625 0.5 0.5" pos="1.9375 -0.5 -6.5" hidden="0" template="night"/>
	<obstacle pos="-1.5 1.00081 -7.5" hidden="0" template="night_st" type="scoretop" param1="raycast=true" param2="static=0"/>
	<obstacle pos="-2.5 -2.72722 -7.5" hidden="0" type="elevatorgrid" param1="color=.3 .32 .35" template="cave2" param0="thickness=6" param2="rows=3" param3="cols=1" param4="amplitude=.5" param5="frequency=.25"/>
	<box size="0.5 2.25 0.5" pos="-4.5 2.25 -7.5" hidden="0" template="night"/>
	<box size="0.5 0.125 0.5" pos="-4.5 4.625 -7.5" hidden="0" template="night"/>
	<box size="0.5 0.125 0.5" pos="2.5 4.625 -7.5" hidden="0" template="night"/>
	<box size="3.0 0.5 0.5" pos="-1.0 4.0 -7.5" hidden="0" template="night"/>
	<box size="5.5 4.0 0.5" pos="-9.5 -4.0 -7.5" hidden="0" template="night"/>
	<box size="0.5 2.25 0.5" pos="2.5 2.25 -7.5" hidden="0" template="night"/>
	<box size="7.5 4.0 0.5" pos="-8.5 -4.0 -8.5" hidden="0" template="night"/>
	<box size="0.0625 0.5 0.5" pos="-0.9375 -0.5 -8.5" hidden="0" template="night"/>
	<box size="7.0 4.0 1.5" pos="9.0 -4.0 -7.5" hidden="0" template="night"/>
	<box size="0.5 0.5 0.125" pos="5.5 0.5 -8.875" hidden="0" template="night"/>
	<box size="0.0625 0.5 0.5" pos="1.9375 -0.5 -8.5" hidden="0" template="night"/>
	<box size="0.5 0.5 0.125" pos="10.5 0.5 -8.875" hidden="0" template="night"/>
	<box size="0.5 0.125 0.5" pos="10.5 7.625 -9.5" hidden="0" template="night"/>
	<box size="6.5 4.0 0.5" pos="-9.5 -4.0 -9.5" hidden="0" template="night"/>
	<box size="0.5 3.75 0.5" pos="10.5 3.75 -9.5" hidden="0" template="night"/>
	<box size="0.5 3.75 0.5" pos="5.5 3.75 -9.5" hidden="0" template="night"/>
	<box size="2.0 0.5 0.5" pos="8.0 7.0 -9.5" hidden="0" template="night"/>
	<box size="6.5 4.0 0.5" pos="9.5 -4.0 -9.5" hidden="0" template="night"/>
	<box size="0.5 0.125 0.5" pos="5.5 7.625 -9.5" hidden="0" template="night"/>
	<decal pos="0.5 -3.57883 -9.875" hidden="0" tile="18" size="1 4" blend="0" color="1 1 1 .25"/>
	<decal pos="-0.125 -3.45383 -11.25" hidden="0" tile="18" size="1 5" blend="0" color="1 1 1 .25"/>
	<box size="0.5 4.0 0.5" pos="2.5 -4.0 -11.5" hidden="0" template="night"/>
	<box size="6.0 4.0 1.0" pos="10.0 -4.0 -11.0" hidden="0" template="night"/>
	<box size="0.5 0.5 0.125" pos="2.5 0.5 -11.875" hidden="0" template="night"/>
	<box size="6.0 4.0 1.0" pos="-10.0 -4.0 -11.0" hidden="0" template="night"/>
	<box size="0.5 4.0 0.5" pos="-2.5 -4.0 -11.5" hidden="0" template="night"/>
	<box size="0.5 0.5 0.1875" pos="-3.5 -0.5 -11.8125" hidden="0" template="night"/>
	<box size="0.5 0.5 0.125" pos="-2.5 0.5 -11.875" hidden="0" template="night"/>
	<obstacle pos="1.0 0.50247 -12.5" hidden="0" template="night_glass" type="suspendcube" param1="width=.5" param2="height=1" param3="depth=.2" param4="vz=5"/>
	<obstacle pos="-1.0 -0.49753 -12.5" hidden="0" template="night_glass" type="suspendcube" param1="width=.5" param2="height=1" param3="depth=.2" param4="vz=5"/>
	<box size="0.5 1.75 0.5" pos="-2.5 1.75 -12.5" hidden="0" template="night"/>
	<box size="0.0625 0.5 0.5" pos="1.9375 -0.5 -12.5" hidden="0" template="night"/>
	<box size="0.5 0.125 0.5" pos="2.5 4.625 -12.5" hidden="0" template="night"/>
	<box size="0.5 1.75 0.5" pos="2.5 1.75 -12.5" hidden="0" template="night"/>
	<box size="0.5 0.125 0.5" pos="-2.5 4.625 -12.5" hidden="0" template="night"/>
	<box size="0.0625 0.5 0.5" pos="-1.9375 -0.5 -12.5" hidden="0" template="night"/>
	<box size="3.0 0.5 0.5" pos="0.0 4.0 -12.5" hidden="0" template="night"/>
	<box size="0.125 0.5 0.5" pos="1.875 -0.5 -13.5" hidden="0" template="night"/>
	<box size="0.125 0.5 0.5" pos="-1.875 -0.5 -13.5" hidden="0" template="night"/>
	<box size="0.0625 0.5 0.5" pos="-1.9375 -1.5 -13.5" hidden="0" template="night"/>
	<box size="7.0 4.0 1.5" pos="9.0 -4.0 -13.5" hidden="0" template="night"/>
	<box size="7.0 4.0 1.5" pos="-9.0 -4.0 -13.5" hidden="0" template="night"/>
	<box size="6.5 4.0 0.5" pos="9.5 -4.0 -15.5" hidden="0" template="night"/>
	<box size="6.5 4.0 0.5" pos="-9.5 -4.0 -15.5" hidden="0" template="night"/>
</segment>

