<segment size="12 10 16" template="night_s">
	<box size="6.5 4.0 0.5" pos="9.5 -4.0 -0.5" hidden="0" template="night"/>
	<box size="6.5 4.0 0.5" pos="-9.5 -4.0 -0.5" hidden="0" template="night"/>
	<box size="0.1875 0.5 0.5" pos="-3.8125 -0.5 -3.5" hidden="0" template="night"/>
	<box size="0.0625 0.5 0.5" pos="3.9375 -0.5 -3.5" hidden="0" template="night"/>
	<box size="6.0 4.0 1.5" pos="10.0 -4.0 -2.5" hidden="0" template="night"/>
	<box size="6.0 4.0 1.5" pos="-10.0 -4.0 -2.5" hidden="0" template="night"/>
	<box size="0.125 0.5 0.5" pos="2.875 -0.5 -4.5" hidden="0" template="night"/>
	<box size="0.0625 0.5 0.5" pos="-2.9375 -0.5 -4.5" hidden="0" template="night"/>
	<box size="6.5 4.0 1.0" pos="9.5 -4.0 -5.0" hidden="0" template="night"/>
	<box size="6.5 4.0 1.0" pos="-9.5 -4.0 -5.0" hidden="0" template="night"/>
	<box size="0.5 0.5 0.125" pos="3.5 0.5 -6.875" hidden="0" template="night"/>
	<box size="0.0625 0.5 0.5" pos="-1.9375 -1.5 -6.5" hidden="0" template="night"/>
	<box size="0.0625 0.5 0.5" pos="1.9375 -0.5 -6.5" hidden="0" template="night"/>
	<box size="0.1875 0.5 0.5" pos="-1.8125 -0.5 -6.5" hidden="0" template="night"/>
	<box size="0.5 0.5 0.125" pos="-3.5 0.5 -6.875" hidden="0" template="night"/>
	<obstacle pos="0.0 0.00247 -7.5" hidden="0" template="night_glass" type="suspendcube" param1="width=1" param2="height=1" param3="depth=.2" param4="vz=5"/>
	<box size="0.5 0.125 0.5" pos="3.5 4.625 -7.5" hidden="0" template="night"/>
	<box size="0.5 2.25 0.5" pos="-3.5 2.25 -7.5" hidden="0" template="night"/>
	<box size="0.5 0.125 0.5" pos="-3.5 4.625 -7.5" hidden="0" template="night"/>
	<box size="0.5 2.25 0.5" pos="3.5 2.25 -7.5" hidden="0" template="night"/>
	<box size="3.0 0.5 0.5" pos="0.0 4.0 -7.5" hidden="0" template="night"/>
	<box size="0.0625 0.5 0.5" pos="1.9375 -0.5 -8.5" hidden="0" template="night"/>
	<box size="7.0 4.0 1.5" pos="9.0 -4.0 -7.5" hidden="0" template="night"/>
	<box size="7.0 4.0 1.5" pos="-9.0 -4.0 -7.5" hidden="0" template="night"/>
	<box size="0.0625 0.5 0.5" pos="-1.9375 -0.5 -8.5" hidden="0" template="night"/>
	<box size="6.5 4.0 0.5" pos="-9.5 -4.0 -9.5" hidden="0" template="night"/>
	<box size="6.5 4.0 0.5" pos="9.5 -4.0 -9.5" hidden="0" template="night"/>
	<decal pos="-0.5 -3.45383 -10.625" hidden="0" tile="18" size="1 5" blend="0" color="1 1 1 .25"/>
	<box size="6.0 4.0 1.0" pos="-10.0 -4.0 -11.0" hidden="0" template="night"/>
	<box size="0.5 0.5 0.1875" pos="-3.5 -0.5 -11.8125" hidden="0" template="night"/>
	<box size="6.0 4.0 1.0" pos="10.0 -4.0 -11.0" hidden="0" template="night"/>
	<decal pos="0.0 -3.57883 -12.375" hidden="0" tile="18" size="1 4" blend="0" color="1 1 1 .25"/>
	<box size="0.0625 0.5 0.5" pos="-1.9375 -0.5 -12.5" hidden="0" template="night"/>
	<box size="0.0625 0.5 0.5" pos="1.9375 -0.5 -12.5" hidden="0" template="night"/>
	<box size="0.125 0.5 0.5" pos="-1.875 -0.5 -13.5" hidden="0" template="night"/>
	<box size="0.0625 0.5 0.5" pos="-1.9375 -1.5 -13.5" hidden="0" template="night"/>
	<box size="0.125 0.5 0.5" pos="1.875 -0.5 -13.5" hidden="0" template="night"/>
	<box size="7.0 4.0 1.5" pos="-9.0 -4.0 -13.5" hidden="0" template="night"/>
	<box size="7.0 4.0 1.5" pos="9.0 -4.0 -13.5" hidden="0" template="night"/>
	<box size="6.5 4.0 0.5" pos="9.5 -4.0 -15.5" hidden="0" template="night"/>
	<box size="6.5 4.0 0.5" pos="-9.5 -4.0 -15.5" hidden="0" template="night"/>
</segment>

