<segment size="12 10 16" template="night_s">
	<box size="6.5 4.0 0.5" pos="9.5 -4.0 -0.5" hidden="0" template="night"/>
	<box size="6.5 4.0 0.5" pos="-9.5 -4.0 -0.5" hidden="0" template="night"/>
	<box size="0.0625 0.5 0.5" pos="3.9375 -0.5 -3.5" hidden="0" template="night"/>
	<box size="6.0 4.0 1.5" pos="10.0 -4.0 -2.5" hidden="0" template="night"/>
	<box size="0.5 0.5 0.125" pos="3.5 0.5 -3.875" hidden="0" template="night"/>
	<box size="0.5 0.5 0.125" pos="-3.5 0.5 -3.875" hidden="0" template="night"/>
	<box size="6.0 4.0 1.5" pos="-10.0 -4.0 -2.5" hidden="0" template="night"/>
	<box size="0.1875 0.5 0.5" pos="-3.8125 -0.5 -3.5" hidden="0" template="night"/>
	<box size="0.5 0.5 0.0625" pos="-2.5 -1.5 -3.9375" hidden="0" template="night"/>
	<box size="0.5 0.5 0.0625" pos="2.5 -1.5 -3.9375" hidden="0" template="night"/>
	<box size="0.5 0.5 0.125" pos="2.5 -0.5 -3.875" hidden="0" template="night"/>
	<box size="0.5 0.5 0.125" pos="-2.5 -0.5 -3.875" hidden="0" template="night"/>
	<obstacle pos="-1.5 0.00789 -4.5" hidden="0" template="night_st" type="scoretop"/>
	<box size="0.4375 0.5 0.5" pos="-1.5625 -1.5 -4.5" hidden="0" template="night"/>
	<box size="0.5 3.25 0.5" pos="3.5 3.25 -4.5" hidden="0" template="night"/>
	<box size="0.5 3.5 0.5" pos="2.5 -4.5 -4.5" hidden="0" template="night"/>
	<box size="0.5 3.5 0.5" pos="-2.5 -4.5 -4.5" hidden="0" template="night"/>
	<box size="0.5 0.5 0.5" pos="2.5 -0.5 -4.5" hidden="0" template="night"/>
	<box size="1.0 0.5 0.5" pos="-2.0 -0.5 -4.5" hidden="0" template="night"/>
	<box size="0.5 0.125 0.5" pos="-3.5 7.625 -4.5" hidden="0" template="night"/>
	<box size="0.5 3.25 0.5" pos="-3.5 3.25 -4.5" hidden="0" template="night"/>
	<box size="4.0 0.5 0.5" pos="0.0 7.0 -4.5" hidden="0" template="night"/>
	<box size="0.5 0.125 0.5" pos="3.5 7.625 -4.5" hidden="0" template="night"/>
	<box size="0.0625 0.5 0.5" pos="-1.9375 -4.5 -4.5" hidden="0" template="night"/>
	<box size="0.125 0.5 0.5" pos="-1.875 -3.5 -4.5" hidden="0" template="night"/>
	<box size="0.25 0.5 0.5" pos="-1.75 -2.5 -4.5" hidden="0" template="night"/>
	<box size="0.0625 0.5 0.5" pos="1.9375 -3.5 -4.5" hidden="0" template="night"/>
	<box size="0.125 0.5 0.5" pos="1.875 -2.5 -4.5" hidden="0" template="night"/>
	<box size="0.0625 0.5 0.5" pos="1.9375 -1.5 -4.5" hidden="0" template="night"/>
	<box size="0.5 0.5 0.125" pos="7.5 0.5 -5.875" hidden="0" template="night"/>
	<box size="6.5 4.0 1.0" pos="9.5 -4.0 -5.0" hidden="0" template="night"/>
	<box size="0.5 0.5 0.125" pos="12.5 0.5 -5.875" hidden="0" template="night"/>
	<box size="6.5 4.0 1.0" pos="-9.5 -4.0 -5.0" hidden="0" template="night"/>
	<box size="0.5 3.75 0.5" pos="7.5 3.75 -6.5" hidden="0" template="night"/>
	<box size="0.1875 0.5 0.5" pos="-1.8125 -0.5 -6.5" hidden="0" template="night"/>
	<box size="0.0625 0.5 0.5" pos="1.9375 -0.5 -6.5" hidden="0" template="night"/>
	<box size="0.0625 0.5 0.5" pos="-1.9375 -1.5 -6.5" hidden="0" template="night"/>
	<box size="0.5 0.125 0.5" pos="7.5 7.625 -6.5" hidden="0" template="night"/>
	<box size="2.0 0.5 0.5" pos="10.0 7.0 -6.5" hidden="0" template="night"/>
	<box size="0.5 0.125 0.5" pos="12.5 7.625 -6.5" hidden="0" template="night"/>
	<box size="0.5 3.75 0.5" pos="12.5 3.75 -6.5" hidden="0" template="night"/>
	<box size="7.0 4.0 1.5" pos="-9.0 -4.0 -7.5" hidden="0" template="night"/>
	<box size="0.0625 0.5 0.5" pos="-1.9375 -0.5 -8.5" hidden="0" template="night"/>
	<box size="7.0 4.0 1.5" pos="9.0 -4.0 -7.5" hidden="0" template="night"/>
	<box size="0.5 0.5 0.125" pos="-12.5 0.5 -8.875" hidden="0" template="night"/>
	<box size="0.5 0.5 0.125" pos="-7.5 0.5 -8.875" hidden="0" template="night"/>
	<box size="0.0625 0.5 0.5" pos="1.9375 -0.5 -8.5" hidden="0" template="night"/>
	<decal pos="-0.125 -3.57883 -9.125" hidden="0" tile="18" size="1 4" blend="0" color="1 1 1 .25"/>
	<box size="2.0 0.5 0.5" pos="-10.0 7.0 -9.5" hidden="0" template="night"/>
	<box size="0.5 3.75 0.5" pos="-7.5 3.75 -9.5" hidden="0" template="night"/>
	<box size="0.5 0.125 0.5" pos="-7.5 7.625 -9.5" hidden="0" template="night"/>
	<box size="0.5 3.75 0.5" pos="-12.5 3.75 -9.5" hidden="0" template="night"/>
	<box size="0.5 0.125 0.5" pos="-12.5 7.625 -9.5" hidden="0" template="night"/>
	<box size="6.5 4.0 0.5" pos="-9.5 -4.0 -9.5" hidden="0" template="night"/>
	<box size="6.5 4.0 0.5" pos="9.5 -4.0 -9.5" hidden="0" template="night"/>
	<decal pos="-0.5 -3.45383 -10.625" hidden="0" tile="18" size="1 5" blend="0" color="1 1 1 .25"/>
	<box size="0.5 0.5 0.125" pos="-11.5 0.5 -10.875" hidden="0" template="night"/>
	<box size="0.5 0.5 0.125" pos="-16.5 0.5 -10.875" hidden="0" template="night"/>
	<box size="0.5 4.0 0.5" pos="-3.5 -4.0 -11.5" hidden="0" template="night"/>
	<box size="0.5 0.125 0.5" pos="-16.5 7.625 -11.5" hidden="0" template="night"/>
	<box size="6.0 4.0 1.0" pos="10.0 -4.0 -11.0" hidden="0" template="night"/>
	<box size="0.5 4.0 0.25" pos="-2.5 -4.0 -11.75" hidden="0" template="night"/>
	<box size="0.5 3.75 0.5" pos="-11.5 3.75 -11.5" hidden="0" template="night"/>
	<box size="2.0 0.5 0.5" pos="-14.0 7.0 -11.5" hidden="0" template="night"/>
	<box size="0.5 0.125 0.5" pos="-11.5 7.625 -11.5" hidden="0" template="night"/>
	<box size="0.5 4.0 0.25" pos="2.5 -4.0 -11.75" hidden="0" template="night"/>
	<box size="0.5 0.5 0.125" pos="-2.5 0.5 -11.875" hidden="0" template="night"/>
	<box size="0.5 3.75 0.5" pos="-16.5 3.75 -11.5" hidden="0" template="night"/>
	<box size="6.0 4.0 1.0" pos="-10.0 -4.0 -11.0" hidden="0" template="night"/>
	<box size="0.5 0.5 0.125" pos="2.5 0.5 -11.875" hidden="0" template="night"/>
	<box size="3.0 0.5 0.5" pos="0.0 5.0 -12.5" hidden="0" template="night"/>
	<box size="0.5 2.25 0.5" pos="-2.5 2.25 -12.5" hidden="0" template="night"/>
	<box size="0.5 0.125 0.5" pos="-2.5 5.625 -12.5" hidden="0" template="night"/>
	<box size="0.0625 0.5 0.5" pos="-1.9375 -0.5 -12.5" hidden="0" template="night"/>
	<box size="0.5 2.25 0.5" pos="2.5 2.25 -12.5" hidden="0" template="night"/>
	<box size="0.5 0.125 0.5" pos="2.5 5.625 -12.5" hidden="0" template="night"/>
	<box size="0.0625 0.5 0.5" pos="1.9375 -0.5 -12.5" hidden="0" template="night"/>
	<box size="0.125 0.5 0.5" pos="-1.875 -0.5 -13.5" hidden="0" template="night"/>
	<box size="0.125 0.5 0.5" pos="1.875 -0.5 -13.5" hidden="0" template="night"/>
	<box size="0.0625 0.5 0.5" pos="-1.9375 -1.5 -13.5" hidden="0" template="night"/>
	<box size="7.0 4.0 1.5" pos="-9.0 -4.0 -13.5" hidden="0" template="night"/>
	<box size="7.0 4.0 1.5" pos="9.0 -4.0 -13.5" hidden="0" template="night"/>
	<box size="6.5 4.0 0.5" pos="9.5 -4.0 -15.5" hidden="0" template="night"/>
	<box size="6.5 4.0 0.5" pos="-9.5 -4.0 -15.5" hidden="0" template="night"/>
</segment>

