{
    "format": 1,
    "files": [
        {
            "file": "templates.xml.mp3",
            "conflict": "merge"
        },
        {
            "file": "levels/basic.xml.mp3",
            "conflict": "replace"
        },
        {
            "file": "rooms/basic/basic.lua.mp3",
            "conflict": "replace"
        },
        {
            "file": "rooms/basic/boss.lua.mp3",
            "conflict": "replace"
        },
        {
            "file": "rooms/basic/dark.lua.mp3",
            "conflict": "replace"
        },
        {
            "file": "rooms/basic/darker.lua.mp3",
            "conflict": "replace"
        },
        {
            "file": "segments/basic/score.mesh.mp3",
            "conflict": "replace"
        },
        {
            "file": "segments/basic/score.xml.gz.mp3",
            "conflict": "replace"
        },
        {
            "file": "segments/basic/basic/chasms.mesh.mp3",
            "conflict": "replace"
        },
        {
            "file": "segments/basic/basic/chasms.xml.gz.mp3",
            "conflict": "replace"
        },
        {
            "file": "segments/basic/basic/chasms2.mesh.mp3",
            "conflict": "replace"
        },
        {
            "file": "segments/basic/basic/chasms2.xml.gz.mp3",
            "conflict": "replace"
        },
        {
            "file": "segments/basic/basic/door.mesh.mp3",
            "conflict": "replace"
        },
        {
            "file": "segments/basic/basic/door.xml.gz.mp3",
            "conflict": "replace"
        },
        {
            "file": "segments/basic/basic/stairs.mesh.mp3",
            "conflict": "replace"
        },
        {
            "file": "segments/basic/basic/stairs.xml.gz.mp3",
            "conflict": "replace"
        },
        {
            "file": "segments/basic/basic/stairs2.mesh.mp3",
            "conflict": "replace"
        },
        {
            "file": "segments/basic/basic/stairs2.xml.gz.mp3",
            "conflict": "replace"
        },
        {
            "file": "segments/basic/basic/start.mesh.mp3",
            "conflict": "replace"
        },
        {
            "file": "segments/basic/basic/start.xml.gz.mp3",
            "conflict": "replace"
        },
        {
            "file": "segments/basic/boss/end.mesh.mp3",
            "conflict": "replace"
        },
        {
            "file": "segments/basic/boss/end.xml.gz.mp3",
            "conflict": "replace"
        },
        {
            "file": "segments/basic/boss/mid.mesh.mp3",
            "conflict": "replace"
        },
        {
            "file": "segments/basic/boss/mid.xml.gz.mp3",
            "conflict": "replace"
        },
        {
            "file": "segments/basic/boss/start.mesh.mp3",
            "conflict": "replace"
        },
        {
            "file": "segments/basic/boss/start.xml.gz.mp3",
            "conflict": "replace"
        },
        {
            "file": "segments/basic/dark/2_bs.mesh.mp3",
            "conflict": "replace"
        },
        {
            "file": "segments/basic/dark/2_bs.xml.gz.mp3",
            "conflict": "replace"
        },
        {
            "file": "segments/basic/dark/2_bs_elevators.mesh.mp3",
            "conflict": "replace"
        },
        {
            "file": "segments/basic/dark/2_bs_elevators.xml.gz.mp3",
            "conflict": "replace"
        },
        {
            "file": "segments/basic/dark/bs.mesh.mp3",
            "conflict": "replace"
        },
        {
            "file": "segments/basic/dark/bs.xml.gz.mp3",
            "conflict": "replace"
        },
        {
            "file": "segments/basic/dark/bs_extraballs.mesh.mp3",
            "conflict": "replace"
        },
        {
            "file": "segments/basic/dark/bs_extraballs.xml.gz.mp3",
            "conflict": "replace"
        },
        {
            "file": "segments/basic/dark/door.mesh.mp3",
            "conflict": "replace"
        },
        {
            "file": "segments/basic/dark/door.xml.gz.mp3",
            "conflict": "replace"
        },
        {
            "file": "segments/basic/dark/ledges.mesh.mp3",
            "conflict": "replace"
        },
        {
            "file": "segments/basic/dark/ledges.xml.gz.mp3",
            "conflict": "replace"
        },
        {
            "file": "segments/basic/dark/start.mesh.mp3",
            "conflict": "replace"
        },
        {
            "file": "segments/basic/dark/start.xml.gz.mp3",
            "conflict": "replace"
        },
        {
            "file": "segments/basic/darker/2_bs_arch.mesh.mp3",
            "conflict": "replace"
        },
        {
            "file": "segments/basic/darker/2_bs_arch.xml.gz.mp3",
            "conflict": "replace"
        },
        {
            "file": "segments/basic/darker/bs.mesh.mp3",
            "conflict": "replace"
        },
        {
            "file": "segments/basic/darker/bs.xml.gz.mp3",
            "conflict": "replace"
        },
        {
            "file": "segments/basic/darker/chasms.mesh.mp3",
            "conflict": "replace"
        },
        {
            "file": "segments/basic/darker/chasms.xml.gz.mp3",
            "conflict": "replace"
        },
        {
            "file": "segments/basic/darker/chasms_bs.mesh.mp3",
            "conflict": "replace"
        },
        {
            "file": "segments/basic/darker/chasms_bs.xml.gz.mp3",
            "conflict": "replace"
        },
        {
            "file": "segments/basic/darker/door.mesh.mp3",
            "conflict": "replace"
        },
        {
            "file": "segments/basic/darker/door.xml.gz.mp3",
            "conflict": "replace"
        },
        {
            "file": "segments/basic/darker/powerup.mesh.mp3",
            "conflict": "replace"
        },
        {
            "file": "segments/basic/darker/powerup.xml.gz.mp3",
            "conflict": "replace"
        },
        {
            "file": "segments/basic/darker/start.mesh.mp3",
            "conflict": "replace"
        },
        {
            "file": "segments/basic/darker/start.xml.gz.mp3",
            "conflict": "replace"
        }
    ]
}