{
    "format": 1,
    "files": [
        {
            "file": "templates.xml.mp3",
            "conflict": "merge"
        },
        {
            "file": "levels/night.xml.mp3",
            "conflict": "replace"
        },
        {
            "file": "rooms/night/boss.lua.mp3",
            "conflict": "replace"
        },
        {
            "file": "rooms/night/part1.lua.mp3",
            "conflict": "replace"
        },
        {
            "file": "rooms/night/part2.lua.mp3",
            "conflict": "replace"
        },
        {
            "file": "rooms/night/part3.lua.mp3",
            "conflict": "replace"
        },
        {
            "file": "segments/night/boss/end.mesh.mp3",
            "conflict": "replace"
        },
        {
            "file": "segments/night/boss/end.xml.gz.mp3",
            "conflict": "replace"
        },
        {
            "file": "segments/night/boss/mid.mesh.mp3",
            "conflict": "replace"
        },
        {
            "file": "segments/night/boss/mid.xml.gz.mp3",
            "conflict": "replace"
        },
        {
            "file": "segments/night/boss/start.mesh.mp3",
            "conflict": "replace"
        },
        {
            "file": "segments/night/boss/start.xml.gz.mp3",
            "conflict": "replace"
        },
        {
            "file": "segments/night/part1/door.mesh.mp3",
            "conflict": "replace"
        },
        {
            "file": "segments/night/part1/door.xml.gz.mp3",
            "conflict": "replace"
        },
        {
            "file": "segments/night/part1/elgrid_box.mesh.mp3",
            "conflict": "replace"
        },
        {
            "file": "segments/night/part1/elgrid_box.xml.gz.mp3",
            "conflict": "replace"
        },
        {
            "file": "segments/night/part1/elgrid_box_2.mesh.mp3",
            "conflict": "replace"
        },
        {
            "file": "segments/night/part1/elgrid_box_2.xml.gz.mp3",
            "conflict": "replace"
        },
        {
            "file": "segments/night/part1/elgrid_st.mesh.mp3",
            "conflict": "replace"
        },
        {
            "file": "segments/night/part1/elgrid_st.xml.gz.mp3",
            "conflict": "replace"
        },
        {
            "file": "segments/night/part1/elgrid_st_2.mesh.mp3",
            "conflict": "replace"
        },
        {
            "file": "segments/night/part1/elgrid_st_2.xml.gz.mp3",
            "conflict": "replace"
        },
        {
            "file": "segments/night/part1/elgrid_st_3.mesh.mp3",
            "conflict": "replace"
        },
        {
            "file": "segments/night/part1/elgrid_st_3.xml.gz.mp3",
            "conflict": "replace"
        },
        {
            "file": "segments/night/part1/start.mesh.mp3",
            "conflict": "replace"
        },
        {
            "file": "segments/night/part1/start.xml.gz.mp3",
            "conflict": "replace"
        },
        {
            "file": "segments/night/part2/bar.mesh.mp3",
            "conflict": "replace"
        },
        {
            "file": "segments/night/part2/bar.xml.gz.mp3",
            "conflict": "replace"
        },
        {
            "file": "segments/night/part2/crank.mesh.mp3",
            "conflict": "replace"
        },
        {
            "file": "segments/night/part2/crank.xml.gz.mp3",
            "conflict": "replace"
        },
        {
            "file": "segments/night/part2/crank2.mesh.mp3",
            "conflict": "replace"
        },
        {
            "file": "segments/night/part2/crank2.xml.gz.mp3",
            "conflict": "replace"
        },
        {
            "file": "segments/night/part2/dna_dec.mesh.mp3",
            "conflict": "replace"
        },
        {
            "file": "segments/night/part2/dna_dec.xml.gz.mp3",
            "conflict": "replace"
        },
        {
            "file": "segments/night/part2/dna_dec2.mesh.mp3",
            "conflict": "replace"
        },
        {
            "file": "segments/night/part2/dna_dec2.xml.gz.mp3",
            "conflict": "replace"
        },
        {
            "file": "segments/night/part2/dna_st.mesh.mp3",
            "conflict": "replace"
        },
        {
            "file": "segments/night/part2/dna_st.xml.gz.mp3",
            "conflict": "replace"
        },
        {
            "file": "segments/night/part2/dna_st2.mesh.mp3",
            "conflict": "replace"
        },
        {
            "file": "segments/night/part2/dna_st2.xml.gz.mp3",
            "conflict": "replace"
        },
        {
            "file": "segments/night/part2/dna_st3.mesh.mp3",
            "conflict": "replace"
        },
        {
            "file": "segments/night/part2/dna_st3.xml.gz.mp3",
            "conflict": "replace"
        },
        {
            "file": "segments/night/part2/door.mesh.mp3",
            "conflict": "replace"
        },
        {
            "file": "segments/night/part2/door.xml.gz.mp3",
            "conflict": "replace"
        },
        {
            "file": "segments/night/part2/iris.mesh.mp3",
            "conflict": "replace"
        },
        {
            "file": "segments/night/part2/iris.xml.gz.mp3",
            "conflict": "replace"
        },
        {
            "file": "segments/night/part2/start.mesh.mp3",
            "conflict": "replace"
        },
        {
            "file": "segments/night/part2/start.xml.gz.mp3",
            "conflict": "replace"
        },
        {
            "file": "segments/night/part3/door.mesh.mp3",
            "conflict": "replace"
        },
        {
            "file": "segments/night/part3/door.xml.gz.mp3",
            "conflict": "replace"
        },
        {
            "file": "segments/night/part3/elgrid_line_st.mesh.mp3",
            "conflict": "replace"
        },
        {
            "file": "segments/night/part3/elgrid_line_st.xml.gz.mp3",
            "conflict": "replace"
        },
        {
            "file": "segments/night/part3/elgrid_line_st2.mesh.mp3",
            "conflict": "replace"
        },
        {
            "file": "segments/night/part3/elgrid_line_st2.xml.gz.mp3",
            "conflict": "replace"
        },
        {
            "file": "segments/night/part3/pendulums.mesh.mp3",
            "conflict": "replace"
        },
        {
            "file": "segments/night/part3/pendulums.xml.gz.mp3",
            "conflict": "replace"
        },
        {
            "file": "segments/night/part3/start.mesh.mp3",
            "conflict": "replace"
        },
        {
            "file": "segments/night/part3/start.xml.gz.mp3",
            "conflict": "replace"
        },
        {
            "file": "segments/night/part3/suspendcube.mesh.mp3",
            "conflict": "replace"
        },
        {
            "file": "segments/night/part3/suspendcube.xml.gz.mp3",
            "conflict": "replace"
        },
        {
            "file": "segments/night/part3/suspendcubes.mesh.mp3",
            "conflict": "replace"
        },
        {
            "file": "segments/night/part3/suspendcubes.xml.gz.mp3",
            "conflict": "replace"
        },
        {
            "file": "segments/night/part3/suspendcubes_2.mesh.mp3",
            "conflict": "replace"
        },
        {
            "file": "segments/night/part3/suspendcubes_2.xml.gz.mp3",
            "conflict": "replace"
        },
        {
            "file": "segments/night/part3/suspendcubes_3.mesh.mp3",
            "conflict": "replace"
        },
        {
            "file": "segments/night/part3/suspendcubes_3.xml.gz.mp3",
            "conflict": "replace"
        }
    ]
}