<segment size="12 10 40" template="basic_score_s">
	<decal pos="0.0 1.125 0.0" hidden="0" tile="-1" color=".4 .65 .81"/>
	<obstacle pos="0.0 0.125 -0.5" hidden="0" type="doors/basic" param0="distance=12"/>
	<box size="1.0 5.0 0.5" pos="0.0 7.125 -0.5" hidden="0" template="basic_darker" reflection="1"/>
	<box size="8.5 8.5 0.5" pos="-9.5 -0.5 -0.5" hidden="0" template="basic_darker" reflection="1"/>
	<box size="8.5 8.5 0.5" pos="9.5 -0.5 -0.5" hidden="0" template="basic_darker" reflection="1"/>
	<box size="1.0 5.5 0.5" pos="0.0 -5.375 -0.5" hidden="0" template="basic_darker" reflection="1"/>
	<decal pos="-1.5 2.125 -8.5" hidden="0" tile="17"/>
	<decal pos="2.5 -0.875 -10.5" hidden="0" tile="17"/>
	<decal pos="-6.5 0.125 -11.5" hidden="0" tile="17"/>
	<decal pos="3.5 -3.875 -13.5" hidden="0" tile="17"/>
	<decal pos="-4.5 -2.875 -13.5" hidden="0" tile="17"/>
	<decal pos="-5.5 1.125 -14.5" hidden="0" tile="17"/>
	<decal pos="6.5 2.125 -15.5" hidden="0" tile="17"/>
	<decal pos="-5.5 4.125 -18.5" hidden="0" tile="17"/>
	<decal pos="5.5 2.125 -19.5" hidden="0" tile="17"/>
	<decal pos="8.5 7.125 -21.5" hidden="0" tile="17"/>
	<decal pos="-4.5 7.125 -21.5" hidden="0" tile="17"/>
	<decal pos="2.5 -3.875 -24.5" hidden="0" tile="17"/>
	<decal pos="-4.5 -2.875 -24.5" hidden="0" tile="17"/>
	<decal pos="6.5 5.125 -24.5" hidden="0" tile="17"/>
	<decal pos="2.5 -3.875 -26.5" hidden="0" tile="17"/>
	<decal pos="-5.5 -2.875 -27.5" hidden="0" tile="17"/>
	<decal pos="5.5 2.125 -29.5" hidden="0" tile="17"/>
	<decal pos="-4.5 1.125 -30.5" hidden="0" tile="17"/>
	<box size="1.5 1.5 0.375" pos="-8.5 0.625 -36.875" hidden="0" template="basic_score"/>
	<box size="1.0 1.0 0.375" pos="-7.0 10.125 -36.875" hidden="0" template="basic_score"/>
	<box size="1.0 1.0 0.375" pos="-11.0 -2.875 -36.875" hidden="0" template="basic_score"/>
	<box size="1.0 1.0 0.375" pos="8.0 -4.875 -36.875" hidden="0" template="basic_score"/>
	<box size="0.5 1.0 0.125" pos="-7.5 9.125 -37.625" hidden="0" template="basic_score"/>
	<box size="0.5 0.5 0.125" pos="-4.5 1.625 -37.625" hidden="0" template="basic_score"/>
	<box size="0.5 1.0 0.125" pos="3.5 1.125 -37.625" hidden="0" template="basic_score"/>
	<box size="1.5 1.5 0.125" pos="-9.5 9.625 -37.875" hidden="0" template="basic_score"/>
	<box size="3.5 2.5 0.6875" pos="-11.5 -8.375 -37.3125" hidden="0" template="basic_score"/>
	<box size="2.0 2.5 0.375" pos="7.0 -4.375 -37.625" hidden="0" template="basic_score"/>
	<box size="2.5 2.0 0.6875" pos="8.5 -8.875 -37.3125" hidden="0" template="basic_score"/>
	<box size="2.0 2.5 1.1875" pos="11.0 -4.375 -36.8125" hidden="0" template="basic_score"/>
	<box size="3.5 3.0 0.6875" pos="9.5 6.125 -37.3125" hidden="0" template="basic_score"/>
	<box size="3.5 2.5 0.6875" pos="-14.5 9.625 -37.3125" hidden="0" template="basic_score"/>
	<box size="1.5 1.5 0.125" pos="8.5 -0.375 -37.875" hidden="0" template="basic_score"/>
	<box size="0.5 0.5 0.375" pos="11.5 -1.375 -37.625" hidden="0" template="basic_score"/>
	<box size="0.5 0.5 0.375" pos="5.5 10.625 -37.625" hidden="0" template="basic_score"/>
	<box size="0.5 0.5 0.375" pos="-4.5 9.625 -37.625" hidden="0" template="basic_score"/>
	<box size="0.5 0.5 0.375" pos="-2.5 -4.375 -37.625" hidden="0" template="basic_score"/>
	<box size="0.5 0.5 0.375" pos="-3.5 -0.375 -37.625" hidden="0" template="basic_score"/>
	<box size="0.5 0.5 0.375" pos="-8.5 -2.375 -37.625" hidden="0" template="basic_score"/>
	<box size="1.0 0.5 0.5" pos="0.0 -0.375 -37.5" hidden="0" template="basic_score"/>
	<box size="0.5 0.5 0.25" pos="-0.5 -1.375 -37.75" hidden="0" template="basic_score"/>
	<box size="0.5 0.5 0.0625" pos="-0.5 -2.375 -37.9375" hidden="0" template="basic_score"/>
	<box size="0.5 0.5 0.125" pos="0.5 -1.375 -37.875" hidden="0" template="basic_score"/>
	<box size="0.5 0.5 0.375" pos="-3.5 7.625 -37.625" hidden="0" template="basic_score"/>
	<box size="1.5 1.5 0.125" pos="3.5 2.625 -37.875" hidden="0" template="basic_score"/>
	<box size="1.0 1.0 0.125" pos="-4.0 6.125 -37.875" hidden="0" template="basic_score"/>
	<box size="2.0 2.5 0.375" pos="-7.0 0.625 -37.625" hidden="0" template="basic_score"/>
	<box size="1.0 1.0 0.375" pos="4.0 8.125 -37.625" hidden="0" template="basic_score"/>
	<box size="2.0 2.5 0.375" pos="-11.0 -3.375 -37.625" hidden="0" template="basic_score"/>
	<box size="1.0 1.0 0.125" pos="3.0 -1.875 -37.875" hidden="0" template="basic_score"/>
	<box size="1.5 1.5 0.125" pos="-6.5 -5.375 -37.875" hidden="0" template="basic_score"/>
	<box size="1.5 1.0 0.125" pos="-10.5 5.125 -37.875" hidden="0" template="basic_score"/>
	<box size="1.5 1.5 0.375" pos="-10.5 2.625 -37.625" hidden="0" template="basic_score"/>
	<box size="1.5 1.5 0.125" pos="8.5 10.625 -37.875" hidden="0" template="basic_score"/>
	<box size="1.0 1.0 0.125" pos="-7.0 4.125 -37.875" hidden="0" template="basic_score"/>
	<box size="1.0 1.0 0.125" pos="-1.0 11.125 -37.875" hidden="0" template="basic_score"/>
	<decal pos="0.0 1.125 -38.0" hidden="0" tile="-4" color=".3 .55 .91"/>
	<box size="1.5 1.5 0.75" pos="4.5 5.625 -37.5" hidden="0" template="basic_score"/>
	<box size="9.5 11.5 0.5" pos="10.5 0.625 -38.5" hidden="0" template="basic_score"/>
	<box size="1.0 5.5 0.5" pos="0.0 -5.375 -38.5" hidden="0" template="basic_score"/>
	<box size="1.0 5.0 0.5" pos="0.0 7.125 -38.5" hidden="0" template="basic_score"/>
	<box size="9.5 11.5 0.5" pos="-10.5 0.625 -38.5" hidden="0" template="basic_score"/>
	<obstacle pos="0.0 0.125 -39.5" hidden="0" type="doors/basic" param0="distance=12"/>
	<box size="0.5 1.0 0.5" pos="1.5 1.125 -39.5" hidden="0" template="basic_score_end"/>
	<box size="0.5 1.0 0.5" pos="-1.5 1.125 -39.5" hidden="0" template="basic_score_end"/>
	<box size="1.0 0.5 0.5" pos="0.0 -0.375 -39.5" hidden="0" template="basic_score_end"/>
	<box size="1.0 0.5 0.5" pos="0.0 2.625 -39.5" hidden="0" template="basic_score_end"/>
</segment>

