<segment size="12 10 16" template="basic_darker_s">
	<box size="0.5 2.5 2.5" pos="-2.5 2.5 -2.5" hidden="0" template="basic_darker" reflection="1"/>
	<box size="0.5 2.5 2.5" pos="2.5 2.5 -2.5" hidden="0" template="basic_darker" reflection="1"/>
	<box size="0.5 0.5625 0.5" pos="-1.5 -0.3125 -4.5" hidden="0" template="basic_darker" reflection="1"/>
	<box size="0.5 0.5 0.5" pos="1.5 -0.375 -4.5" hidden="0" template="basic_darker" reflection="1"/>
	<box size="19.0 0.5 2.5" pos="2.0 -0.5 -2.5" hidden="0" template="basic_darker" reflection="1"/>
	<box size="2.0 0.5 2.5" pos="0.0 4.5 -2.5" hidden="0" template="basic_darker" reflection="1"/>
	<decal pos="-1.4375 0.27704 -5.4375" hidden="0" tile="11" size="1.5 1.5" color=".6 .9 1 .8" rot="0 0 .4"/>
	<decal pos="1.5625 -0.09796 -5.4375" hidden="0" tile="11" size="1.5 1.5" color=".6 .9 1 .8" rot="0 0 .4"/>
	<box size="4.0 1.4375 0.125" pos="0.0 3.5625 -6.375" hidden="0" template="basic_darker"/>
	<obstacle pos="0.0 0.1792 -6.75" hidden="0" template="basic_glass_darker" type="sweeper" param1="speed=.25"/>
	<box size="4.0 1.4375 0.125" pos="0.0 3.5625 -7.125" hidden="0" template="basic_darker"/>
	<box size="0.5 0.5 0.5" pos="2.5 -0.375 -8.5" hidden="0" template="basic_darker" reflection="1"/>
	<box size="0.5 0.5625 0.5" pos="-2.5 -0.3125 -8.5" hidden="0" template="basic_darker" reflection="1"/>
	<box size="0.5 0.75 0.5" pos="2.5 -0.125 -9.5" hidden="0" template="basic_darker" reflection="1"/>
	<box size="0.5 0.6875 0.5" pos="-2.5 -0.1875 -9.5" hidden="0" template="basic_darker" reflection="1"/>
	<box size="0.5 0.5 0.5" pos="-3.5 -0.375 -9.5" hidden="0" template="basic_darker" reflection="1"/>
	<box size="0.5 0.5 0.5" pos="4.5 -0.375 -10.5" hidden="0" template="basic_darker" reflection="1"/>
	<obstacle pos="-1.5 0.6 -11.5" hidden="0" template="basic_st2" type="scoretop"/>
	<box size="0.5 0.75 0.5" pos="-1.5 -0.125 -11.5" hidden="0" template="basic_darker" reflection="1"/>
	<box size="0.5 0.5 0.5" pos="-0.5 -0.375 -11.5" hidden="0" template="basic_darker" reflection="1"/>
	<box size="0.5 2.5 1.5" pos="-2.5 2.5 -11.5" hidden="0" template="basic_darker" reflection="1"/>
	<box size="19.0 2.0 2.5" pos="2.0 -2.0 -10.5" hidden="0" template="basic_darker" reflection="1"/>
	<box size="0.5 2.5 1.5" pos="2.5 2.5 -11.5" hidden="0" template="basic_darker" reflection="1"/>
	<box size="0.5 0.4375 0.5" pos="-0.5 3.5625 -12.5" hidden="0" template="basic_darker"/>
	<box size="0.5 0.6875 0.5" pos="-1.5 3.3125 -12.5" hidden="0" template="basic_darker"/>
	<box size="0.5 0.6875 0.5" pos="1.5 3.3125 -12.5" hidden="0" template="basic_darker"/>
	<box size="2.0 0.5 1.5" pos="0.0 4.5 -11.5" hidden="1" template="basic_darker" reflection="1"/>
	<box size="0.5 0.3125 0.5" pos="0.5 3.6875 -12.5" hidden="0" template="basic_darker"/>
	<box size="4.0 1.4375 0.125" pos="0.0 3.5625 -13.375" hidden="0" template="basic_darker"/>
	<decal pos="-2.4375 -0.09796 -13.6875" hidden="0" tile="11" size="1.5 1.5" color=".6 .9 1 .8" rot="0 0 .4"/>
	<decal pos="3.8125 0.27704 -13.6875" hidden="0" tile="11" size="1.5 1.5" color=".6 .9 1 .8" rot="0 0 .4"/>
	<obstacle pos="0.0 0.1792 -13.75" hidden="0" template="basic_glass_darker" type="sweeper" param1="speed=.25"/>
	<box size="4.0 1.4375 0.125" pos="0.0 3.5625 -14.125" hidden="0" template="basic_darker"/>
	<box size="2.0 3.0 0.5" pos="-4.0 2.0 -15.5" hidden="0" template="basic_darker" reflection="1"/>
	<box size="0.5 0.6875 0.5" pos="1.5 -0.3125 -15.5" hidden="0" template="basic_darker" reflection="1"/>
	<box size="0.5 0.5625 0.5" pos="-0.5 -0.4375 -15.5" hidden="0" template="basic_darker" reflection="1"/>
	<box size="0.5 0.625 0.5" pos="-1.5 -0.375 -15.5" hidden="0" template="basic_darker" reflection="1"/>
	<box size="0.5 0.625 0.5" pos="0.5 -0.375 -15.5" hidden="0" template="basic_darker" reflection="1"/>
	<box size="2.0 3.0 0.5" pos="4.0 2.0 -15.5" hidden="0" template="basic_darker" reflection="1"/>
</segment>

