<segment size="12 10 16" template="basic_darker_s">
	<box size="4.5 1.5 2.0" pos="1.5 -1.5 -2.0" hidden="0" template="basic_darker" reflection="1"/>
	<box size="0.5 2.5 2.0" pos="-2.5 2.5 -2.0" hidden="0" template="basic_darker" reflection="1"/>
	<box size="0.5 2.5 2.0" pos="5.5 2.5 -2.0" hidden="0" template="basic_darker" reflection="1"/>
	<decal pos="2.3125 -0.09796 -4.4375" hidden="0" tile="11" size="1.5 1.5" color=".6 .9 1 .8" rot="0 0 .4"/>
	<decal pos="-2.6875 0.27704 -4.6875" hidden="0" tile="11" size="1.5 1.5" color=".6 .9 1 .8" rot="0 0 .4"/>
	<box size="5.5 1.5 1.0" pos="0.5 -1.5 -6.0" hidden="0" template="basic_darker" reflection="1"/>
	<box size="0.5 2.0 0.5" pos="1.5 -2.5 -8.5" hidden="0" template="basic_darker" reflection="1"/>
	<box size="0.5 2.0 0.5" pos="-0.5 -2.25 -8.5" hidden="0" template="basic_darker" reflection="1"/>
	<box size="0.5 2.0 0.5" pos="0.5 -2.75 -8.5" hidden="0" template="basic_darker" reflection="1"/>
	<obstacle pos="-3.5 0.5 -9.5" hidden="0" template="basic_st2" type="scoretop" mode="6"/>
	<box size="0.5 0.5 2.5" pos="-4.5 0.5 -7.5" hidden="0" template="basic_darker" reflection="1"/>
	<box size="0.5 0.25 0.5" pos="-3.5 0.25 -9.5" hidden="0" template="basic_darker" reflection="1"/>
	<box size="0.5 2.0 0.5" pos="1.5 -2.0 -9.5" hidden="0" template="basic_darker" reflection="1"/>
	<box size="0.5 2.0 0.5" pos="0.5 -2.125 -9.5" hidden="0" template="basic_darker" reflection="1"/>
	<box size="2.0 2.0 1.5" pos="-3.0 -2.0 -8.5" hidden="0" template="basic_darker" reflection="1"/>
	<box size="0.5 2.5 2.5" pos="-5.5 2.5 -7.5" hidden="0" template="basic_darker" reflection="1"/>
	<box size="0.5 2.0 0.5" pos="-0.5 -2.0 -9.5" hidden="0" template="basic_darker" reflection="1"/>
	<box size="2.0 2.0 1.5" pos="4.0 -2.0 -8.5" hidden="0" template="basic_darker" reflection="1"/>
	<box size="0.5 2.5 2.5" pos="2.5 2.5 -7.5" hidden="0" template="basic_darker" reflection="1"/>
	<decal pos="2.8125 0.27704 -10.4375" hidden="0" tile="11" size="1.5 1.5" color=".6 .9 1 .8" rot="0 0 .4"/>
	<decal pos="-2.9375 0.27704 -10.4375" hidden="0" tile="11" size="1.5 1.5" color=".6 .9 1 .8" rot="0 0 .4"/>
	<obstacle pos="-1.5 0.5 -11.5" hidden="0" template="basic_st2" type="scoretop" mode="1"/>
	<box size="0.5 0.25 0.5" pos="-1.5 0.25 -11.5" hidden="0" template="basic_darker" reflection="1"/>
	<box size="0.5 0.625 0.5" pos="0.5 4.375 -13.5" hidden="0" template="basic_darker"/>
	<box size="0.5 0.75 0.5" pos="-1.5 4.25 -13.5" hidden="0" template="basic_darker"/>
	<box size="0.5 0.5625 0.5" pos="-0.5 4.4375 -13.5" hidden="0" template="basic_darker"/>
	<box size="0.5 0.8125 0.5" pos="1.5 4.1875 -13.5" hidden="0" template="basic_darker"/>
	<box size="0.5 2.5 1.5" pos="2.5 2.5 -12.5" hidden="0" template="basic_darker" reflection="1"/>
	<box size="2.0 0.5 8.0" pos="0.0 4.5 -6.0" hidden="1" template="basic_darker" reflection="1"/>
	<box size="0.5 2.5 1.5" pos="-2.5 2.5 -12.5" hidden="0" template="basic_darker" reflection="1"/>
	<box size="3.0 1.4375 0.125" pos="0.0 3.5625 -14.125" hidden="0" template="basic_darker"/>
	<obstacle pos="0.0 0.1792 -14.5" hidden="0" template="basic_glass_darker" type="sweeper" param1="speed=.25"/>
	<box size="3.0 1.4375 0.125" pos="0.0 3.5625 -14.875" hidden="0" template="basic_darker"/>
	<box size="0.5 4.0 0.5" pos="7.5 -2.0 -14.5" hidden="0" template="basic_darker" reflection="1"/>
	<box size="0.5 5.5 0.5" pos="8.5 -0.5 -14.5" hidden="0" template="basic_darker" reflection="1"/>
	<box size="0.5 0.625 0.5" pos="-1.5 -0.375 -15.5" hidden="0" template="basic_darker"/>
	<box size="0.5 8.5 0.5" pos="7.5 2.5 -15.5" hidden="0" template="basic_darker" reflection="1"/>
	<box size="0.5 8.5 0.5" pos="-7.5 2.5 -15.5" hidden="0" template="basic_darker" reflection="1"/>
	<box size="0.5 0.6875 0.5" pos="1.5 -0.3125 -15.5" hidden="0" template="basic_darker"/>
	<box size="0.5 7.0 0.5" pos="8.5 1.0 -15.5" hidden="0" template="basic_darker" reflection="1"/>
	<box size="3.5 2.5 2.5" pos="0.5 -2.5 -13.5" hidden="0" template="basic_darker" reflection="1"/>
	<box size="0.5 3.0 0.5" pos="2.5 2.0 -15.5" hidden="0" template="basic_darker" reflection="1"/>
	<box size="0.5 3.0 0.5" pos="-2.5 2.0 -15.5" hidden="0" template="basic_darker" reflection="1"/>
	<box size="0.5 0.5625 0.5" pos="-0.5 -0.4375 -15.5" hidden="0" template="basic_darker"/>
	<box size="0.5 0.625 0.5" pos="0.5 -0.375 -15.5" hidden="0" template="basic_darker"/>
	<box size="2.5 8.5 0.5" pos="9.5 2.5 -16.5" hidden="0" template="basic_darker" reflection="1"/>
</segment>

