<segment size="12 10 16" template="basic_darker_s">
	<box size="0.5 4.5 0.5" pos="-2.5 4.5 -0.5" hidden="0" template="basic_darker" reflection="1"/>
	<box size="0.5 4.5 0.5" pos="2.5 4.5 -0.5" hidden="0" template="basic_darker" reflection="1"/>
	<box size="0.5 2.75 0.5" pos="-1.5 6.25 -0.5" hidden="0" template="basic_darker"/>
	<box size="0.5 2.5625 0.5" pos="-0.5 6.4375 -0.5" hidden="0" template="basic_darker"/>
	<box size="0.5 2.625 0.5" pos="0.5 6.375 -0.5" hidden="0" template="basic_darker"/>
	<box size="0.5 2.8125 0.5" pos="1.5 6.1875 -0.5" hidden="0" template="basic_darker"/>
	<box size="3.0 1.4375 0.125" pos="0.0 3.5625 -1.125" hidden="0" template="basic_darker"/>
	<obstacle pos="0.0 0.1792 -1.5" hidden="0" template="basic_glass_darker" type="sweeper" param1="speed=.25"/>
	<box size="3.0 1.4375 0.125" pos="0.0 3.5625 -1.875" hidden="0" template="basic_darker"/>
	<box size="0.5 4.5 0.5" pos="-2.5 4.5 -3.5" hidden="0" template="basic_darker" reflection="1"/>
	<box size="0.5 4.5 0.5" pos="2.5 4.5 -3.5" hidden="0" template="basic_darker" reflection="1"/>
	<obstacle pos="1.5 0.9292 -6.5" hidden="0" template="basic_st2" type="scoretop"/>
	<box size="13.0 0.5 2.5" pos="-1.0 -0.5 -4.5" hidden="0" template="basic_darker" reflection="1"/>
	<box size="0.5 0.5 0.5" pos="1.5 0.5 -6.5" hidden="0" template="basic_darker" reflection="1"/>
	<box size="0.5 4.5 0.5" pos="2.5 4.5 -6.5" hidden="0" template="basic_darker" reflection="1"/>
	<box size="0.5 4.5 0.5" pos="-2.5 4.5 -6.5" hidden="0" template="basic_darker" reflection="1"/>
	<decal pos="-1.9375 0.27704 -7.4375" hidden="1" tile="11" size="1.5 1.5" color=".6 .9 1 .8" rot="0 0 .4"/>
	<decal pos="1.0625 -0.09796 -7.4375" hidden="0" tile="11" size="1.5 1.5" color=".6 .9 1 .8" rot="0 0 .4"/>
	<box size="0.5 4.5 0.5" pos="-2.5 4.5 -9.5" hidden="0" template="basic_darker" reflection="1"/>
	<box size="0.5 4.5 0.5" pos="2.5 4.5 -9.5" hidden="0" template="basic_darker" reflection="1"/>
	<box size="0.5 2.5625 0.5" pos="-0.5 7.4375 -12.5" hidden="0" template="basic_darker"/>
	<box size="0.5 4.5 0.5" pos="2.5 4.5 -12.5" hidden="0" template="basic_darker" reflection="1"/>
	<box size="0.5 2.625 0.5" pos="0.5 7.375 -12.5" hidden="0" template="basic_darker"/>
	<box size="0.5 6.0 0.5" pos="-2.5 6.0 -12.5" hidden="0" template="basic_darker" reflection="1"/>
	<box size="0.5 0.5 0.5" pos="-1.5 0.5 -12.5" hidden="0" template="basic_darker" reflection="1"/>
	<box size="0.5 2.8125 0.5" pos="1.5 7.1875 -12.5" hidden="0" template="basic_darker"/>
	<box size="0.5 2.75 0.5" pos="-1.5 7.25 -12.5" hidden="1" template="basic_darker"/>
	<box size="13.0 0.5 2.5" pos="-1.0 -0.5 -11.5" hidden="0" template="basic_darker" reflection="1"/>
	<box size="0.5 1.0 0.5" pos="-1.5 1.0 -13.5" hidden="0" template="basic_darker" reflection="1"/>
	<box size="2.0 0.5 8.0" pos="16.0 4.5 -6.0" hidden="0" template="basic_darker" reflection="1"/>
	<decal pos="1.3125 -0.09796 -14.3125" hidden="0" tile="11" size="1.5 1.5" color=".6 .9 1 .8" rot="0 0 .4"/>
	<decal pos="-1.1875 0.27704 -14.6875" hidden="0" tile="11" size="1.5 1.5" color=".6 .9 1 .8" rot="0 0 .4"/>
	<box size="0.5 0.625 0.5" pos="-0.5 -0.375 -15.5" hidden="0" template="basic_darker"/>
	<box size="0.5 0.625 0.5" pos="0.5 -0.375 -15.5" hidden="0" template="basic_darker"/>
	<box size="5.0 6.5 0.5" pos="7.0 5.5 -15.5" hidden="0" template="basic_darker" reflection="1"/>
	<box size="0.5 0.625 0.5" pos="-1.5 -0.375 -15.5" hidden="0" template="basic_darker"/>
	<box size="6.0 6.5 0.5" pos="-8.0 5.5 -15.5" hidden="0" template="basic_darker" reflection="1"/>
	<box size="0.5 0.6875 0.5" pos="1.5 -0.3125 -15.5" hidden="0" template="basic_darker"/>
</segment>

