<segment size="12 10 16" template="basic_darker_s">
	<box size="0.5 4.5 0.5" pos="2.5 4.5 -0.5" hidden="1" template="basic_darker" reflection="1"/>
	<box size="0.5 4.5 0.5" pos="-2.5 4.5 -0.5" hidden="1" template="basic_darker" reflection="1"/>
	<box size="0.5 2.75 0.5" pos="-1.5 6.25 -0.5" hidden="1" template="basic_darker"/>
	<box size="0.5 2.5625 0.5" pos="-0.5 6.4375 -0.5" hidden="1" template="basic_darker"/>
	<box size="0.5 2.625 0.5" pos="0.5 6.375 -0.5" hidden="1" template="basic_darker"/>
	<box size="0.5 2.8125 0.5" pos="1.5 6.1875 -0.5" hidden="1" template="basic_darker"/>
	<box size="0.5 4.5 0.5" pos="-2.5 4.5 -3.5" hidden="1" template="basic_darker" reflection="1"/>
	<box size="0.5 4.5 0.5" pos="2.5 4.5 -3.5" hidden="1" template="basic_darker" reflection="1"/>
	<box size="0.5 0.5 0.1875" pos="-2.5 0.5 -5.8125" hidden="0" template="basic_darker" reflection="1"/>
	<box size="0.5 0.5 0.0625" pos="2.5 0.5 -5.9375" hidden="0" template="basic_darker" reflection="1"/>
	<box size="0.5 0.5 0.0625" pos="-2.5 1.5 -5.9375" hidden="0" template="basic_darker" reflection="1"/>
	<box size="0.25 4.5 0.125" pos="1.75 4.5 -6.125" hidden="0" template="basic_darker" reflection="1"/>
	<box size="0.25 4.5 0.125" pos="-1.75 4.5 -6.125" hidden="0" template="basic_darker" reflection="1"/>
	<obstacle pos="0.0 1.00617 -6.5" hidden="0" template="basic_glass_darker" type="bar" mode="2"/>
	<obstacle pos="0.0 1.25617 -6.5" hidden="0" template="basic_glass" type="bar" mode="4" param1="move=.5" param2="blocker=true" param3="speed=.5"/>
	<box size="0.25 4.5 0.125" pos="1.75 4.5 -6.875" hidden="0" template="basic_darker" reflection="1"/>
	<box size="13.0 0.5 3.5" pos="-1.0 -0.5 -3.5" hidden="0" template="basic_darker" reflection="1"/>
	<box size="0.5 4.5 0.5" pos="-2.5 4.5 -6.5" hidden="0" template="basic_darker" reflection="1"/>
	<box size="0.5 4.5 0.5" pos="2.5 4.5 -6.5" hidden="0" template="basic_darker" reflection="1"/>
	<box size="0.5 0.5 0.5" pos="1.5 -0.375 -6.5" hidden="0" template="basic_darker" reflection="1"/>
	<box size="0.25 4.5 0.125" pos="-1.75 4.5 -6.875" hidden="0" template="basic_darker" reflection="1"/>
	<decal pos="-1.9375 0.27704 -7.4375" hidden="0" tile="11" size="1.5 1.5" color=".6 .9 1 .8" rot="0 0 .4"/>
	<decal pos="1.0625 -0.09796 -7.4375" hidden="0" tile="11" size="1.5 1.5" color=".6 .9 1 .8" rot="0 0 .4"/>
	<box size="0.5 4.5 0.5" pos="2.5 4.5 -9.5" hidden="0" template="basic_darker" reflection="1"/>
	<box size="0.5 4.5 0.5" pos="-2.5 4.5 -9.5" hidden="0" template="basic_darker" reflection="1"/>
	<box size="0.5 2.8125 0.5" pos="1.5 6.1875 -12.5" hidden="0" template="basic_darker"/>
	<box size="0.5 2.625 0.5" pos="0.5 6.375 -12.5" hidden="0" template="basic_darker"/>
	<box size="0.5 4.5 0.5" pos="-2.5 4.5 -12.5" hidden="0" template="basic_darker" reflection="1"/>
	<box size="0.5 2.75 0.5" pos="-1.5 6.25 -12.5" hidden="0" template="basic_darker"/>
	<box size="0.5 4.5 0.5" pos="2.5 4.5 -12.5" hidden="0" template="basic_darker" reflection="1"/>
	<box size="0.5 2.5625 0.5" pos="-0.5 6.4375 -12.5" hidden="0" template="basic_darker"/>
	<obstacle pos="-1.5 0.1 -13.5" hidden="0" template="basic_st2" type="scoretop"/>
	<box size="2.0 0.5 8.0" pos="16.0 4.5 -6.0" hidden="0" template="basic_darker" reflection="1"/>
	<box size="0.5 0.5 0.5" pos="-1.5 -0.375 -13.5" hidden="0" template="basic_darker" reflection="1"/>
	<box size="13.0 0.5 2.5" pos="-1.0 -0.5 -11.5" hidden="0" template="basic_darker" reflection="1"/>
	<decal pos="1.3125 -0.09796 -14.3125" hidden="1" tile="11" size="1.5 1.5" color=".6 .9 1 .8" rot="0 0 .4"/>
	<decal pos="-1.1875 0.27704 -14.6875" hidden="0" tile="11" size="1.5 1.5" color=".6 .9 1 .8" rot="0 0 .4"/>
	<obstacle pos="1.5 0.35 -15.5" hidden="0" template="basic_st2" type="scoretop" mode="1"/>
	<box size="0.5 0.625 0.5" pos="-1.5 -0.375 -15.5" hidden="0" template="basic_darker"/>
	<box size="5.0 3.0 0.5" pos="7.0 2.0 -15.5" hidden="0" template="basic_darker" reflection="1"/>
	<box size="0.5 0.6875 0.5" pos="1.5 -0.3125 -15.5" hidden="0" template="basic_darker"/>
	<box size="6.0 3.0 0.5" pos="-8.0 2.0 -15.5" hidden="0" template="basic_darker" reflection="1"/>
	<box size="0.5 0.625 0.5" pos="-0.5 -0.375 -15.5" hidden="0" template="basic_darker"/>
	<box size="0.5 0.625 0.5" pos="0.5 -0.375 -15.5" hidden="0" template="basic_darker"/>
</segment>

