<segment size="12 10 32" template="basic_darker_s">
	<box size="8.5 14.5 2.0" pos="10.5 6.5 -2.0" hidden="0" template="basic_darker" reflection="1"/>
	<box size="8.5 14.5 2.0" pos="-10.5 6.5 -2.0" hidden="0" template="basic_darker" reflection="1"/>
	<box size="0.5 0.5 0.125" pos="-2.5 -4.5 -18.375" hidden="0" template="basic_darker" reflection="1"/>
	<box size="0.5 6.0 0.5" pos="-2.5 -12.0 -18.0" hidden="0" template="basic_darker" reflection="1"/>
	<box size="0.5 7.0 0.5" pos="-2.5 -11.0 -19.0" hidden="0" template="basic_darker" reflection="1"/>
	<box size="0.5 6.5 0.125" pos="3.5 -12.5 -21.375" hidden="0" template="basic_darker" reflection="1"/>
	<box size="0.5 7.5 0.5" pos="3.5 -11.5 -22.0" hidden="0" template="basic_darker" reflection="1"/>
	<box size="0.5 0.5 0.125" pos="-2.5 -0.5 -25.875" hidden="0" template="basic_darker" reflection="1"/>
	<box size="0.5 0.5 0.125" pos="2.5 -0.5 -25.875" hidden="0" template="basic_darker" reflection="1"/>
	<obstacle pos="-2.5 0.01383 -26.5" hidden="0" template="basic_st2" type="scoretop"/>
	<obstacle pos="2.5 0.01383 -26.5" hidden="0" template="basic_st2" type="scoretop"/>
	<box size="0.5 7.5 1.0" pos="2.5 -7.5 -27.0" hidden="0" template="basic_darker" reflection="1"/>
	<box size="0.5 7.5 1.0" pos="-2.5 -7.5 -27.0" hidden="0" template="basic_darker" reflection="1"/>
	<box size="0.5 15.0 0.25" pos="7.5 0.0 -29.75" hidden="0" template="basic_darker" reflection="1"/>
	<box size="0.5 15.0 0.375" pos="-5.5 0.0 -29.625" hidden="0" template="basic_darker" reflection="1"/>
	<box size="0.5 15.0 0.5" pos="3.5 0.0 -29.5" hidden="0" template="basic_darker" reflection="1"/>
	<box size="0.5 7.25 0.5" pos="1.5 -7.75 -30.5" hidden="0" template="basic_darker"/>
	<box size="10.5 15.0 0.5" pos="12.5 0.0 -30.5" hidden="0" template="basic_darker" reflection="1"/>
	<box size="0.5 7.0625 0.5" pos="-0.5 -7.9375 -30.5" hidden="0" template="basic_darker"/>
	<box size="10.0 15.0 0.5" pos="-13.0 0.0 -30.5" hidden="0" template="basic_darker" reflection="1"/>
	<box size="0.5 7.1875 0.5" pos="-1.5 -7.8125 -30.5" hidden="0" template="basic_darker"/>
	<box size="0.5 6.0 0.5" pos="1.5 9.0 -30.5" hidden="0" template="basic_darker"/>
	<box size="0.5 7.1875 0.5" pos="0.5 -7.8125 -30.5" hidden="0" template="basic_darker"/>
	<box size="0.5 6.0625 0.5" pos="0.5 8.9375 -30.5" hidden="0" template="basic_darker"/>
	<box size="0.5 5.875 0.5" pos="-0.5 9.125 -30.5" hidden="0" template="basic_darker"/>
	<box size="0.5 15.0 1.5" pos="2.5 0.0 -29.5" hidden="0" template="basic_darker" reflection="1"/>
	<box size="0.5 15.0 0.5" pos="-3.5 0.0 -30.5" hidden="0" template="basic_darker" reflection="1"/>
	<box size="0.5 6.0 0.5" pos="-1.5 9.0 -30.5" hidden="0" template="basic_darker"/>
	<box size="0.5 15.0 1.5" pos="-2.5 0.0 -29.5" hidden="0" template="basic_darker" reflection="1"/>
	<decal pos="0.0 1.0 -31.5" hidden="1" tile="-1" color=".4 .65 .81"/>
	<box size="1.0 6.5 0.5" pos="0.0 -6.5 -31.5" hidden="0" template="basic_darker" reflection="1"/>
	<box size="1.0 6.5 0.5" pos="0.0 8.5 -31.5" hidden="0" template="basic_darker" reflection="1"/>
	<box size="2.0 15.0 0.5" pos="3.0 0.0 -31.5" hidden="0" template="basic_darker" reflection="1"/>
	<box size="2.0 15.0 0.5" pos="-3.0 0.0 -31.5" hidden="0" template="basic_darker" reflection="1"/>
	<obstacle pos="0.0 0.0 -32.0" hidden="0" type="doors/double" param0="buttons=2"/>
</segment>

