<segment size="12 10 32" template="basic_darker_s">
	<box size="8.0 6.5 2.0" pos="10.0 -1.5 -1.0" hidden="1" template="basic_darker" reflection="1"/>
	<box size="8.0 6.5 2.0" pos="-10.0 -1.5 -1.0" hidden="1" template="basic_darker" reflection="1"/>
	<box size="0.5 0.5 0.125" pos="0.0 -0.5 -7.875" hidden="0" template="basic_darker" reflection="1"/>
	<powerup pos="0.0 0.5 -8.5" hidden="0" type="ballfrenzy"/>
	<box size="0.5 4.5 0.5" pos="0.0 -4.5 -8.5" hidden="0" template="basic_darker" reflection="1"/>
	<box size="0.5 4.5 0.5" pos="5.25 -8.5 -20.5" hidden="0" template="basic_darker" reflection="1"/>
	<box size="0.5 4.0 0.5" pos="8.75 -9.0 -22.5" hidden="0" template="basic_darker" reflection="1"/>
	<box size="0.5 0.5 0.125" pos="-3.125 -0.5 -23.875" hidden="0" template="basic_darker" reflection="1"/>
	<box size="0.5 0.5 0.125" pos="1.875 -2.5 -23.875" hidden="0" template="basic_darker" reflection="1"/>
	<box size="0.5 0.5 0.5" pos="-9.75 -5.5 -23.5" hidden="0" template="basic_darker" reflection="1"/>
	<box size="0.5 4.0 0.5" pos="-10.75 -9.0 -23.5" hidden="0" template="basic_darker" reflection="1"/>
	<box size="0.5 4.0 0.5" pos="-8.75 -9.0 -23.5" hidden="0" template="basic_darker" reflection="1"/>
	<box size="0.5 0.5 0.125" pos="-1.875 -2.5 -23.875" hidden="0" template="basic_darker" reflection="1"/>
	<box size="0.5 0.5 0.125" pos="0.625 -1.5 -23.875" hidden="0" template="basic_darker" reflection="1"/>
	<box size="1.5 0.5 0.5" pos="7.75 -4.5 -23.5" hidden="0" template="basic_darker" reflection="1"/>
	<box size="0.5 4.5 0.5" pos="9.75 -8.5 -23.5" hidden="0" template="basic_darker" reflection="1"/>
	<box size="0.5 4.5 0.5" pos="5.75 -8.5 -23.5" hidden="0" template="basic_darker" reflection="1"/>
	<obstacle pos="3.125 0.01383 -24.5" hidden="0" template="basic_st2" type="scoretop" mode="6"/>
	<obstacle pos="-1.875 0.01383 -24.5" hidden="0" template="basic_st2" type="scoretop" mode="6"/>
	<obstacle pos="1.875 0.01383 -24.5" hidden="0" template="basic_st2" type="scoretop" mode="6"/>
	<obstacle pos="-3.125 0.01383 -24.5" hidden="0" template="basic_st2" type="scoretop" mode="6"/>
	<obstacle pos="0.625 0.01383 -24.5" hidden="0" template="basic_st2" type="scoretop"/>
	<obstacle pos="-0.625 0.01383 -24.5" hidden="0" template="basic_st2" type="scoretop"/>
	<box size="0.5 4.5 0.5" pos="-0.625 -4.5 -24.5" hidden="0" template="basic_darker" reflection="1"/>
	<box size="0.125 0.5 0.5" pos="2.5 -0.5 -24.5" hidden="0" template="basic_darker" reflection="1"/>
	<box size="0.5 4.5 0.5" pos="-1.875 -4.5 -24.5" hidden="0" template="basic_darker" reflection="1"/>
	<box size="0.5 4.5 0.5" pos="0.625 -4.5 -24.5" hidden="0" template="basic_darker" reflection="1"/>
	<box size="0.5 4.5 0.5" pos="3.125 -4.5 -24.5" hidden="0" template="basic_darker" reflection="1"/>
	<box size="0.5 4.5 0.5" pos="-3.125 -4.5 -24.5" hidden="0" template="basic_darker" reflection="1"/>
	<box size="0.125 0.5 0.5" pos="0.0 -0.5 -24.5" hidden="0" template="basic_darker" reflection="1"/>
	<box size="0.125 0.5 0.5" pos="-2.5 -0.5 -24.5" hidden="0" template="basic_darker" reflection="1"/>
	<box size="0.0625 0.5 0.5" pos="3.6875 -0.5 -24.5" hidden="0" template="basic_darker" reflection="1"/>
	<box size="0.5 4.5 0.5" pos="1.875 -4.5 -24.5" hidden="0" template="basic_darker" reflection="1"/>
	<box size="0.5 4.5 0.5" pos="-6.75 -8.5 -25.5" hidden="0" template="basic_darker" reflection="1"/>
	<box size="0.5 3.5 0.5" pos="10.75 -9.5 -26.5" hidden="0" template="basic_darker" reflection="1"/>
	<box size="0.5 5.0 0.5" pos="7.75 -8.0 -26.5" hidden="0" template="basic_darker" reflection="1"/>
	<box size="0.5 4.0 0.5" pos="-8.75 -9.0 -27.5" hidden="0" template="basic_darker" reflection="1"/>
	<box size="0.5 4.5 0.25" pos="2.5 -4.5 -28.75" hidden="0" template="basic_darker" reflection="1"/>
	<box size="0.5 4.5 0.25" pos="-2.5 -4.5 -28.75" hidden="0" template="basic_darker" reflection="1"/>
	<box size="18.0 0.5 14.0" pos="0.0 6.5 -17.0" hidden="1" template="basic_darker" reflection="1"/>
	<box size="0.5 8.5 0.375" pos="-5.5 -0.5 -30.625" hidden="0" template="basic_darker" reflection="1"/>
	<box size="0.5 8.5 0.25" pos="7.5 -0.5 -30.75" hidden="0" template="basic_darker" reflection="1"/>
	<box size="0.5 8.5 0.5" pos="3.5 -0.5 -30.5" hidden="0" template="basic_darker" reflection="1"/>
	<box size="0.0625 0.5 1.25" pos="1.9375 -0.5 -29.75" hidden="0" template="basic_darker" reflection="1"/>
	<box size="0.0625 0.5 1.25" pos="-1.9375 -0.5 -29.75" hidden="0" template="basic_darker" reflection="1"/>
	<box size="2.0 0.5 14.0" pos="0.0 4.5 -17.0" hidden="1" template="basic_darker" reflection="1"/>
	<box size="0.0625 0.5 1.25" pos="-3.0625 -0.5 -29.75" hidden="0" template="basic_darker" reflection="1"/>
	<box size="0.0625 0.5 1.25" pos="3.0625 -0.5 -29.75" hidden="0" template="basic_darker" reflection="1"/>
	<obstacle pos="0.5 0.26383 -31.5" hidden="0" template="basic_st2" type="scoretop" mode="1"/>
	<obstacle pos="-0.5 0.13883 -31.5" hidden="0" template="basic_st2" type="scoretop" mode="1"/>
	<box size="0.5 4.6875 0.5" pos="1.5 -4.3125 -31.5" hidden="0" template="basic_darker"/>
	<box size="7.5 8.5 0.5" pos="-10.5 -0.5 -31.5" hidden="0" template="basic_darker" reflection="1"/>
	<box size="0.5 8.5 0.5" pos="-3.5 -0.5 -31.5" hidden="0" template="basic_darker" reflection="1"/>
	<box size="0.5 4.625 0.5" pos="-1.5 -4.375 -31.5" hidden="0" template="basic_darker"/>
	<box size="0.5 2.25 0.5" pos="-1.5 5.75 -31.5" hidden="0" template="basic_darker"/>
	<box size="0.5 4.625 0.5" pos="0.5 -4.375 -31.5" hidden="0" template="basic_darker"/>
	<box size="0.5 2.3125 0.5" pos="1.5 5.6875 -31.5" hidden="0" template="basic_darker"/>
	<box size="0.5 4.5625 0.5" pos="-0.5 -4.4375 -31.5" hidden="0" template="basic_darker"/>
	<box size="0.5 2.125 0.5" pos="0.5 5.875 -31.5" hidden="0" template="basic_darker"/>
	<box size="0.5 8.5 1.5" pos="2.5 -0.5 -30.5" hidden="0" template="basic_darker" reflection="1"/>
	<box size="0.5 8.5 1.5" pos="-2.5 -0.5 -30.5" hidden="0" template="basic_darker" reflection="1"/>
	<box size="0.5 2.0625 0.5" pos="-0.5 5.9375 -31.5" hidden="0" template="basic_darker"/>
	<box size="7.5 8.5 0.5" pos="10.5 -0.5 -31.5" hidden="0" template="basic_darker" reflection="1"/>
</segment>

