<segment size="12 10 8" template="basic_darker_s">
	<decal pos="0.0625 -0.09796 -0.4375" hidden="0" tile="11" size="1.5 1.5" color=".6 .9 1 .8" rot="0 0 .4"/>
	<decal pos="-0.4375 0.27704 -1.1875" hidden="0" tile="11" size="1.5 1.5" color=".6 .9 1 .8" rot="0 0 .4"/>
	<box size="0.5 0.5 0.125" pos="0.0 -1.0 -3.875" hidden="0" template="basic_darker" reflection="1"/>
	<box size="0.5 4.5 0.5" pos="0.0 -5.0 -4.5" hidden="0" template="basic_darker" reflection="1"/>
	<box size="0.5 0.625 0.5" pos="-1.5 -0.375 -7.5" hidden="0" template="basic_darker"/>
	<box size="0.5 0.75 0.5" pos="-1.5 4.25 -7.5" hidden="0" template="basic_darker"/>
	<box size="0.5 0.6875 0.5" pos="1.5 -0.3125 -7.5" hidden="0" template="basic_darker"/>
	<box size="0.5 0.8125 0.5" pos="1.5 4.1875 -7.5" hidden="0" template="basic_darker"/>
	<box size="0.5 0.5625 0.5" pos="-0.5 -0.4375 -7.5" hidden="0" template="basic_darker"/>
	<box size="0.5 5.5 4.0" pos="-2.5 -0.5 -4.0" hidden="0" template="basic_darker" reflection="1"/>
	<box size="0.5 0.625 0.5" pos="0.5 -0.375 -7.5" hidden="0" template="basic_darker"/>
	<box size="16.5 4.5 0.5" pos="-1.5 -4.5 -7.5" hidden="0" template="basic_darker" reflection="1"/>
	<box size="0.5 0.5625 0.5" pos="-0.5 4.4375 -7.5" hidden="0" template="basic_darker"/>
	<box size="2.0 0.5 4.0" pos="0.0 4.5 -4.0" hidden="1" template="basic_darker" reflection="1"/>
	<box size="0.5 0.625 0.5" pos="0.5 4.375 -7.5" hidden="0" template="basic_darker"/>
	<box size="0.5 5.5 4.0" pos="2.5 -0.5 -4.0" hidden="0" template="basic_darker" reflection="1"/>
</segment>

